year,month,day,YMD,dno,orderno,sku,pname,metric,qty,price,amount,tax,total
2017,7,3,03-7월-17,1,2114865845,134356,심플로트 냉동감자(메가크런치 2.04Kg/EA),EA,5,9960,49800,4980,54780
2017,7,3,03-7월-17,2,2114865845,140440,심플로트 냉동감자(크링클컷웨지 2.26Kg/EA),EA,5,6980,34900,3490,38390
2017,7,3,03-7월-17,3,2114865845,146239,쉐프솔루션 김치볶음밥(300g/EA),EA,10,1400,14000,1400,15400
2017,7,3,03-7월-17,4,2114865840,127454,파로 할라페뇨(슬라이스 3Kg/EA),EA,2,8500,17000,1700,18700
2017,7,3,03-7월-17,5,2114888478,124531,맥앤치즈볼(생활맥주용 50G*4입 200g/EA),EA,12,3620,43440,4344,47784
2017,7,3,03-7월-17,6,2114865845,116709,"리코스 나쵸칩(454g/EA) 미국
※미국",EA,12,2900,34800,3480,38280
2017,7,3,03-7월-17,7,2114865845,100744,"스프라이트 사이다(355ml 355g/EA) 한국 24EA/BOX
※국내산",BOX,1,13992,13992,1399,15391
2017,7,3,03-7월-17,8,2114888478,160016,오뚜기 케찹(스파우트팩 3.3Kg/EA),EA,2,3950,7900,790,8690
2017,7,3,03-7월-17,9,2114888478,215140,양파드레싱(생활맥주용 2Kg/EA),EA,3,9000,27000,2700,29700
2017,7,3,03-7월-17,10,2114865840,169394,"샐러드믹스(생활맥주용 150g*5입 750g/BOX) 한국 1EA/BOX
※국내산",BOX,2,14400,28800,0,28800
2017,7,6,06-7월-17,1,2114949417,134356,심플로트 냉동감자(메가크런치 2.04Kg/EA),EA,5,9960,49800,4980,54780
2017,7,6,06-7월-17,2,2114949417,140440,심플로트 냉동감자(크링클컷웨지 2.26Kg/EA),EA,5,6980,34900,3490,38390
2017,7,6,06-7월-17,3,2114970985,526116,유산지(생활맥주용 1000개 EA),EA,1,30000,30000,3000,33000
2017,7,6,06-7월-17,4,2114947867,424783,염지닭안심(생활맥주용 1Kg/EA) 5EA/BOX,BOX,1,41400,41400,4140,45540
2017,7,6,06-7월-17,5,2114947867,424782,염지닭(생활맥주용 9호_9각 850g/EA) 10EA/BOX,BOX,1,54300,54300,5430,59730
2017,7,6,06-7월-17,6,2114970985,242910,"웰넛 건포도(500g/EA) 미국
※미국산",EA,3,2300,6900,690,7590
2017,7,6,06-7월-17,7,2114949417,232931,"반건오징어(생활맥주용 10미 1.3Kg/EA) 한국
※국내산",EA,4,29500,118000,0,118000
2017,7,6,06-7월-17,8,2114949417,206578,"길림양행 땅콩(껍질무_1/2태 1Kg/PAC)
※이력번호:10931-17-040109M",PAC,4,7000,28000,2800,30800
2017,7,6,06-7월-17,9,2114949417,201934,"소고기육포(생활맥주용 70g/EA) 호주
※호주산",EA,20,3970,79400,7940,87340
2017,7,6,06-7월-17,10,2114949417,176689,"소시지(생활맥주용 천연돈장_70g*4입 280g/EA) 한국
※돼지고기(국내산)",EA,20,4370,87400,8740,96140
2017,7,6,06-7월-17,11,2114947867,169394,"샐러드믹스(생활맥주용 150g*5입 750g/BOX) 한국 1EA/BOX
※국내산",BOX,2,14400,28800,0,28800
2017,7,6,06-7월-17,12,2114949417,144398,심플로트 냉동감자(세이보리_스트레이트컷 2.26Kg/EA),EA,5,9380,46900,4690,51590
2017,7,7,07-7월-17,1,2114949311,115364,삼진 살사소스(2Kg/EA),EA,2,9000,18000,1800,19800
2017,7,7,07-7월-17,2,2114949311,119863,삼조쎌텍 나쵸치즈소스(1Kg/EA),EA,2,8300,16600,1660,18260
2017,7,7,07-7월-17,3,2114949311,424782,염지닭(생활맥주용 9호_9각 850g/EA) 10EA/BOX,BOX,1,54300,54300,5430,59730
2017,7,7,07-7월-17,4,2114949311,401354,"계란(특란_60g*30입 1.8Kg/PAC) 한국
※달걀(국내산)",PAC,2,9250,18500,0,18500
2017,7,7,07-7월-17,5,2115015742,215140,양파드레싱(생활맥주용 2Kg/EA),EA,2,9000,18000,1800,19800
2017,7,7,07-7월-17,6,2114949311,169394,"샐러드믹스(생활맥주용 150g*5입 750g/BOX) 한국 1EA/BOX
※국내산",BOX,2,14400,28800,0,28800
2017,7,8,08-7월-17,1,2114973992,169394,"샐러드믹스(생활맥주용 150g*5입 750g/BOX) 한국 1EA/BOX
※국내산",BOX,1,14400,14400,0,14400
2017,7,8,08-7월-17,2,2115017876,166412,"뫼루니식품 물결무늬파우더(데일리비어용 매운맛 5Kg/EA) 미국
※미국산",EA,2,13150,26300,2630,28930
2017,7,8,08-7월-17,3,2115017876,145970,"치킨무(외식체인전용 5Kg/EA) 한국
※국내산",EA,3,5700,17100,0,17100
2017,7,8,08-7월-17,4,2115017876,144398,심플로트 냉동감자(세이보리_스트레이트컷 2.26Kg/EA),EA,5,9380,46900,4690,51590
2017,7,8,08-7월-17,5,2114973992,424783,염지닭안심(생활맥주용 1Kg/EA) 5EA/BOX,BOX,1,41400,41400,4140,45540
2017,7,8,08-7월-17,6,2114973992,424782,염지닭(생활맥주용 9호_9각 850g/EA) 10EA/BOX,BOX,2,54300,108600,10860,119460
2017,7,8,08-7월-17,7,2115017876,116709,"리코스 나쵸칩(454g/EA) 미국
※미국",EA,12,2900,34800,3480,38280
2017,7,8,08-7월-17,8,2115017876,118232,"스팸 햄캔(마일드 200g/EA)
※돼지고기(수입산 80%+국내산 20%) 96.27%",EA,10,2800,28000,2800,30800
2017,7,8,08-7월-17,9,2115017876,134356,심플로트 냉동감자(메가크런치 2.04Kg/EA),EA,5,9960,49800,4980,54780
2017,7,8,08-7월-17,10,2115017876,140440,심플로트 냉동감자(크링클컷웨지 2.26Kg/EA),EA,5,6980,34900,3490,38390
2017,7,10,10-7월-17,1,2115055264,116981,"사세통상 버팔로윙스틱(1Kg/EA) 태국
※닭고기(태국산)",EA,5,9800,49000,4900,53900
2017,7,10,10-7월-17,2,2115055264,115722,"사세통상 버팔로윙(1Kg/EA) 태국
※닭고기(태국산)",EA,5,10500,52500,5250,57750
2017,7,10,10-7월-17,3,2115065833,105409,아담스 파마산치즈파우더(1Kg/EA),EA,2,11000,22000,2200,24200
2017,7,10,10-7월-17,4,2115055264,100744,"스프라이트 사이다(355ml 355g/EA) 한국 24EA/BOX
※국내산",BOX,1,13992,13992,1399,15391
2017,7,10,10-7월-17,5,2115055264,124531,맥앤치즈볼(생활맥주용 50G*4입 200g/EA),EA,12,3620,43440,4344,47784
2017,7,10,10-7월-17,6,2115065833,127454,파로 할라페뇨(슬라이스 3Kg/EA),EA,2,8500,17000,1700,18700
2017,7,10,10-7월-17,7,2115055264,134356,심플로트 냉동감자(메가크런치 2.04Kg/EA),EA,5,9960,49800,4980,54780
2017,7,10,10-7월-17,8,2115055264,140440,심플로트 냉동감자(크링클컷웨지 2.26Kg/EA),EA,5,6980,34900,3490,38390
2017,7,10,10-7월-17,9,2115055264,144398,심플로트 냉동감자(세이보리_스트레이트컷 2.26Kg/EA),EA,5,9380,46900,4690,51590
2017,7,10,10-7월-17,10,2115055264,146239,쉐프솔루션 김치볶음밥(300g/EA),EA,10,1400,14000,1400,15400
2017,7,10,10-7월-17,11,2115065833,159365,유니푸드 양념소금(마파치킨용 3.5g*90입 315g/EA),EA,1,1000,1000,100,1100
2017,7,10,10-7월-17,12,2115055264,163815,이츠웰 골뱅이캔(자연산 140g/EA),EA,24,2800,67200,6720,73920
2017,7,10,10-7월-17,13,2115055264,171838,팔도 비빔면(130g/EA) 40EA/BOX,BOX,1,26800,26800,2680,29480
2017,7,10,10-7월-17,14,2115045671,424782,염지닭(생활맥주용 9호_9각 850g/EA) 10EA/BOX,BOX,1,54300,54300,5430,59730
2017,7,11,11-7월-17,1,2115104786,166413,뫼루니 양념치킨소스(데일리비어용 양념_뫼루니 2Kg/EA),EA,3,6900,20700,2070,22770
2017,7,12,12-7월-17,1,2115137461,215139,케이준드레싱(생활맥주용 2Kg/EA),EA,2,9050,18100,1810,19910
2017,7,12,12-7월-17,2,2115132395,206578,"길림양행 땅콩(껍질무_1/2태 1Kg/PAC)
※이력번호:10931-17-060142M",PAC,4,7000,28000,2800,30800
2017,7,12,12-7월-17,3,2115132395,178883,코스터(생활맥주용 600매 EA),EA,1,57000,57000,5700,62700
2017,7,12,12-7월-17,4,2115104655,146239,쉐프솔루션 김치볶음밥(300g/EA),EA,10,1400,14000,1400,15400
2017,7,12,12-7월-17,5,2115132395,215140,양파드레싱(생활맥주용 2Kg/EA),EA,3,9000,27000,2700,29700
2017,7,12,12-7월-17,6,2115137461,526117,비닐백(생활맥주용 100매 EA),EA,4,9000,36000,3600,39600
2017,7,12,12-7월-17,7,2115137461,526116,유산지(생활맥주용 1000개 EA),EA,1,30000,30000,3000,33000
2017,7,12,12-7월-17,8,2115104673,424783,염지닭안심(생활맥주용 1Kg/EA) 5EA/BOX,BOX,1,41400,41400,4140,45540
2017,7,12,12-7월-17,9,2115104673,424782,염지닭(생활맥주용 9호_9각 850g/EA) 10EA/BOX,BOX,1,54300,54300,5430,59730
2017,7,12,12-7월-17,10,2115137461,242910,"웰넛 건포도(500g/EA) 미국
※미국산",EA,4,2300,9200,920,10120
2017,7,13,13-7월-17,1,2115132415,111308,천일식품 새우볶음밥(300g/EA),EA,3,1630,4890,489,5379
2017,7,13,13-7월-17,2,2115163313,124531,맥앤치즈볼(생활맥주용 50G*4입 200g/EA),EA,12,3620,43440,4344,47784
2017,7,13,13-7월-17,3,2115163313,134356,심플로트 냉동감자(메가크런치 2.04Kg/EA),EA,6,9960,59760,5976,65736
2017,7,13,13-7월-17,4,2115163313,140440,심플로트 냉동감자(크링클컷웨지 2.26Kg/EA),EA,3,6980,20940,2094,23034
2017,7,13,13-7월-17,5,2115138872,146391,쉐프솔루션 햄야채볶음밥(300g/EA),EA,4,1469,5876,588,6464
2017,7,13,13-7월-17,6,2115138872,146393,쉐프솔루션 해물볶음밥(300g/EA),EA,3,1459,4377,438,4815
2017,7,13,13-7월-17,7,2115163313,232931,"반건오징어(생활맥주용 10미 1.3Kg/EA) 한국
※국내산",EA,5,29500,147500,0,147500
2017,7,13,13-7월-17,8,2115163313,503517,스카치브라이트 양면스폰지수세미(EA),EA,5,875,4375,438,4813
2017,7,13,13-7월-17,9,2115163313,512186,이츠웰 롤백(소_25*35cm_500입 EA),EA,2,2450,4900,490,5390
2017,7,13,13-7월-17,10,2115132415,424782,염지닭(생활맥주용 9호_9각 850g/EA) 10EA/BOX,BOX,2,54300,108600,10860,119460
2017,7,13,13-7월-17,11,2115163313,512188,이츠웰 롤백(중_30*40cm_500입 EA),EA,2,3500,7000,700,7700
2017,7,14,14-7월-17,1,2115199185,176689,"소시지(생활맥주용 천연돈장_70g*4입 280g/EA) 한국
※돼지고기(국내산)",EA,15,4370,65550,6555,72105
2017,7,14,14-7월-17,2,2115199185,138389,이츠웰 초고추장(NEW 1Kg/EA),EA,2,3000,6000,600,6600
2017,7,14,14-7월-17,3,2115138776,424782,염지닭(생활맥주용 9호_9각 850g/EA) 10EA/BOX,BOX,1,54300,54300,5430,59730
2017,7,15,15-7월-17,1,2115206219,115722,"사세통상 버팔로윙(1Kg/EA) 태국
※닭고기(태국산)",EA,5,10500,52500,5250,57750
2017,7,15,15-7월-17,2,2115206219,116709,"리코스 나쵸칩(454g/EA) 미국
※미국",EA,12,2900,34800,3480,38280
2017,7,15,15-7월-17,3,2115206219,116981,"사세통상 버팔로윙스틱(1Kg/EA) 태국
※닭고기(태국산)",EA,5,9800,49000,4900,53900
2017,7,15,15-7월-17,4,2115206219,145970,"치킨무(외식체인전용 5Kg/EA) 한국
※국내산",EA,4,5700,22800,0,22800
2017,7,15,15-7월-17,5,2115206219,160016,오뚜기 케찹(스파우트팩 3.3Kg/EA),EA,2,3950,7900,790,8690
2017,7,15,15-7월-17,6,2115138777,169394,"샐러드믹스(생활맥주용 150g*5입 750g/BOX) 한국 1EA/BOX
※국내산",BOX,3,14400,43200,0,43200
2017,7,15,15-7월-17,7,2115138777,424782,염지닭(생활맥주용 9호_9각 850g/EA) 10EA/BOX,BOX,2,54300,108600,10860,119460
2017,7,15,15-7월-17,8,2115138777,424783,염지닭안심(생활맥주용 1Kg/EA) 5EA/BOX,BOX,1,41400,41400,4140,45540
2017,7,15,15-7월-17,9,2115138777,112371,칵테일냅킨(생활맥주용 10000장입 BOX) 1EA/BOX,BOX,1,30000,30000,3000,33000
2017,7,17,17-7월-17,1,2115243158,100743,"코카콜라 콜라(캔_355ml 355g/EA) 한국 24EA/BOX
※국내산",BOX,1,15480,15480,1548,17028
2017,7,17,17-7월-17,2,2115243158,100744,"스프라이트 사이다(355ml 355g/EA) 한국 24EA/BOX
※국내산",BOX,1,13992,13992,1399,15391
2017,7,17,17-7월-17,3,2115204773,424783,염지닭안심(생활맥주용 1Kg/EA) 5EA/BOX,BOX,1,41400,41400,4140,45540
2017,7,17,17-7월-17,4,2115204773,424782,염지닭(생활맥주용 9호_9각 850g/EA) 10EA/BOX,BOX,1,54300,54300,5430,59730
2017,7,17,17-7월-17,5,2115249102,401354,"계란(특란_60g*30입 1.8Kg/PAC) 한국
※달걀(국내산)",PAC,2,9536,19072,0,19072
2017,7,17,17-7월-17,6,2115243158,176689,"소시지(생활맥주용 천연돈장_70g*4입 280g/EA) 한국
※돼지고기(국내산)",EA,10,4370,43700,4370,48070
2017,7,17,17-7월-17,7,2115243158,163815,이츠웰 골뱅이캔(자연산 140g/EA),EA,24,2800,67200,6720,73920
2017,7,17,17-7월-17,8,2115243158,144398,심플로트 냉동감자(세이보리_스트레이트컷 2.26Kg/EA),EA,6,9380,56280,5628,61908
2017,7,17,17-7월-17,9,2115243158,140440,심플로트 냉동감자(크링클컷웨지 2.26Kg/EA),EA,6,6980,41880,4188,46068
2017,7,17,17-7월-17,10,2115243158,134356,심플로트 냉동감자(메가크런치 2.04Kg/EA),EA,4,9960,39840,3984,43824
2017,7,17,17-7월-17,11,2115204773,127454,파로 할라페뇨(슬라이스 3Kg/EA),EA,3,8500,25500,2550,28050
2017,7,17,17-7월-17,12,2115249102,119863,삼조쎌텍 나쵸치즈소스(1Kg/EA),EA,4,8300,33200,3320,36520
2017,7,17,17-7월-17,13,2115243158,118232,"스팸 햄캔(마일드 200g/EA)
※돼지고기(수입산 80%+국내산 20%) 96.27%",EA,5,2800,14000,1400,15400
2017,7,18,18-7월-17,1,2115204775,424782,염지닭(생활맥주용 9호_9각 850g/EA) 10EA/BOX,BOX,2,54300,108600,10860,119460
2017,7,18,18-7월-17,2,2115204775,424783,염지닭안심(생활맥주용 1Kg/EA) 5EA/BOX,BOX,1,41400,41400,4140,45540
2017,7,18,18-7월-17,3,2115291883,501386,트레펑(1L 막힌하수구용 EA),EA,10,2215,22150,2215,24365
2017,7,18,18-7월-17,4,2115291883,111308,천일식품 새우볶음밥(300g/EA),EA,5,1630,8150,815,8965
2017,7,1,01-7월-17,1,2114686615,424782,염지닭(생활맥주용 9호_9각 850g/EA) 10EA/BOX,BOX,1,54300,54300,5430,59730
2017,7,1,01-7월-17,2,2114823070,144398,심플로트 냉동감자(세이보리_스트레이트컷 2.26Kg/EA),EA,3,9380,28140,2814,30954
2017,7,1,01-7월-17,3,2114823070,140440,심플로트 냉동감자(크링클컷웨지 2.26Kg/EA),EA,5,6980,34900,3490,38390
2017,7,1,01-7월-17,4,2114686615,424783,염지닭안심(생활맥주용 1Kg/EA) 5EA/BOX,BOX,1,41400,41400,4140,45540
2017,7,4,04-7월-17,1,2114912771,100743,"코카콜라 콜라(캔_355ml 355g/EA) 한국 24EA/BOX
※국내산",BOX,1,15480,15480,1548,17028
2017,7,4,04-7월-17,2,2114915989,139476,신영상회 파슬리후레이크(250g/EA),EA,1,5960,5960,0,5960
2017,7,4,04-7월-17,3,2114912771,144398,심플로트 냉동감자(세이보리_스트레이트컷 2.26Kg/EA),EA,5,9380,46900,4690,51590
2017,7,4,04-7월-17,4,2114912771,163815,이츠웰 골뱅이캔(자연산 140g/EA),EA,20,2800,56000,5600,61600
2017,7,4,04-7월-17,5,2114912771,177058,미니고무장갑(생활맥주용 10입 EA),EA,1,7500,7500,750,8250
2017,7,4,04-7월-17,6,2114876178,424782,염지닭(생활맥주용 9호_9각 850g/EA) 10EA/BOX,BOX,1,54300,54300,5430,59730
2017,7,5,05-7월-17,1,2114917838,166412,"뫼루니식품 물결무늬파우더(데일리비어용 매운맛 5Kg/EA) 미국
※미국산",EA,1,13150,13150,1315,14465
2017,7,5,05-7월-17,2,2114918450,169394,"샐러드믹스(생활맥주용 150g*5입 750g/BOX) 한국 1EA/BOX
※국내산",BOX,2,14400,28800,0,28800
2017,7,5,05-7월-17,3,2114917838,166413,뫼루니 양념치킨소스(데일리비어용 양념_뫼루니 2Kg/EA),EA,2,6900,13800,1380,15180
2017,7,5,05-7월-17,4,2114917838,201934,"소고기육포(생활맥주용 70g/EA) 호주
※호주산",EA,10,3970,39700,3970,43670
2017,7,9,09-7월-17,1,2115323120,145970,"치킨무(외식체인전용 5Kg/EA) 한국
※국내산",EA,3,5700,17100,0,17100
2017,7,9,09-7월-17,2,2115293687,514151,이츠웰 다용도봉투(파란색_30L_48*64cm_100매 EA),EA,3,3000,9000,900,9900
2017,7,9,09-7월-17,3,2115323120,140440,심플로트 냉동감자(크링클컷웨지 2.26Kg/EA),EA,3,6980,20940,2094,23034
2017,7,9,09-7월-17,4,2115323120,134356,심플로트 냉동감자(메가크런치 2.04Kg/EA),EA,3,9960,29880,2988,32868
2017,7,9,09-7월-17,5,2115291912,146239,쉐프솔루션 김치볶음밥(300g/EA),EA,3,1400,4200,420,4620
2017,7,9,09-7월-17,6,2115291912,146391,쉐프솔루션 햄야채볶음밥(300g/EA),EA,3,1469,4407,441,4848
2017,7,9,09-7월-17,7,2115323120,215140,양파드레싱(생활맥주용 2Kg/EA),EA,3,9000,27000,2700,29700
2017,7,9,09-7월-17,8,2115291906,424782,염지닭(생활맥주용 9호_9각 850g/EA) 10EA/BOX,BOX,1,54300,54300,5430,59730
2017,7,9,09-7월-17,9,2115323120,144398,심플로트 냉동감자(세이보리_스트레이트컷 2.26Kg/EA),EA,3,9380,28140,2814,30954
2017,7,20,20-7월-17,1,2115323108,424782,염지닭(생활맥주용 9호_9각 850g/EA) 10EA/BOX,BOX,1,54300,54300,5430,59730
2017,7,20,20-7월-17,2,2115323108,424783,염지닭안심(생활맥주용 1Kg/EA) 5EA/BOX,BOX,1,41400,41400,4140,45540
2017,7,20,20-7월-17,3,2115325231,206578,"길림양행 땅콩(껍질무_1/2태 1Kg/PAC)
※이력번호:10931-17-060142M",PAC,5,7000,35000,3500,38500
2017,7,20,20-7월-17,4,2115325231,201934,"소고기육포(생활맥주용 70g/EA) 호주
※호주산",EA,20,3970,79400,7940,87340
2017,7,20,20-7월-17,5,2115325231,171838,팔도 비빔면(130g/EA) 40EA/BOX,BOX,1,26800,26800,2680,29480
2017,7,20,20-7월-17,6,2115323108,169394,"샐러드믹스(생활맥주용 150g*5입 750g/BOX) 한국 1EA/BOX
※국내산",BOX,3,14400,43200,0,43200
2017,7,20,20-7월-17,7,2115325231,166412,"뫼루니식품 물결무늬파우더(데일리비어용 매운맛 5Kg/EA) 미국
※미국산",EA,3,13150,39450,3945,43395
2017,7,20,20-7월-17,8,2115325231,144398,심플로트 냉동감자(세이보리_스트레이트컷 2.26Kg/EA),EA,4,9380,37520,3752,41272
2017,7,20,20-7월-17,9,2115325231,140440,심플로트 냉동감자(크링클컷웨지 2.26Kg/EA),EA,4,6980,27920,2792,30712
2017,7,20,20-7월-17,10,2115325231,134356,심플로트 냉동감자(메가크런치 2.04Kg/EA),EA,4,9960,39840,3984,43824
2017,7,20,20-7월-17,11,2115325231,118232,"스팸 햄캔(마일드 200g/EA)
※돼지고기(수입산 80%+국내산 20%) 96.27%",EA,10,2800,28000,2800,30800
2017,7,20,20-7월-17,12,2115325231,116981,"사세통상 버팔로윙스틱(1Kg/EA) 태국
※닭고기(태국산)",EA,6,9800,58800,5880,64680
2017,7,20,20-7월-17,13,2115325231,116709,"리코스 나쵸칩(454g/EA) 미국
※미국",EA,12,2900,34800,3480,38280
2017,7,20,20-7월-17,14,2115325231,115722,"사세통상 버팔로윙(1Kg/EA) 태국
※닭고기(태국산)",EA,6,10500,63000,6300,69300
2017,7,20,20-7월-17,15,2115323108,242910,"웰넛 건포도(500g/EA) 미국
※미국산",EA,10,2300,23000,2300,25300
2017,7,22,22-7월-17,1,2115382560,424783,염지닭안심(생활맥주용 1Kg/EA) 5EA/BOX,BOX,2,41400,82800,8280,91080
2017,7,22,22-7월-17,2,2115382560,424782,염지닭(생활맥주용 9호_9각 850g/EA) 10EA/BOX,BOX,2,54300,108600,10860,119460
2017,7,22,22-7월-17,3,2115393865,176689,"소시지(생활맥주용 천연돈장_70g*4입 280g/EA) 한국
※돼지고기(국내산)",EA,20,4370,87400,8740,96140
2017,7,22,22-7월-17,4,2115382560,169394,"샐러드믹스(생활맥주용 150g*5입 750g/BOX) 한국 1EA/BOX
※국내산",BOX,3,14400,43200,0,43200
2017,7,22,22-7월-17,5,2115393865,166413,뫼루니 양념치킨소스(데일리비어용 양념_뫼루니 2Kg/EA),EA,3,6900,20700,2070,22770
2017,7,22,22-7월-17,6,2115393865,163815,이츠웰 골뱅이캔(자연산 140g/EA),EA,20,2800,56000,5600,61600
2017,7,22,22-7월-17,7,2115393865,145970,"치킨무(외식체인전용 5Kg/EA) 한국
※국내산",EA,2,5700,11400,0,11400
2017,7,22,22-7월-17,8,2115393865,144398,심플로트 냉동감자(세이보리_스트레이트컷 2.26Kg/EA),EA,6,9380,56280,5628,61908
2017,7,22,22-7월-17,9,2115393865,140440,심플로트 냉동감자(크링클컷웨지 2.26Kg/EA),EA,6,6980,41880,4188,46068
2017,7,22,22-7월-17,10,2115393865,134356,심플로트 냉동감자(메가크런치 2.04Kg/EA),EA,6,9960,59760,5976,65736
2017,7,22,22-7월-17,11,2115382560,127454,파로 할라페뇨(슬라이스 3Kg/EA),EA,2,8500,17000,1700,18700
2017,7,22,22-7월-17,12,2115393865,124531,맥앤치즈볼(생활맥주용 50G*4입 200g/EA),EA,12,3620,43440,4344,47784
2017,7,22,22-7월-17,13,2115393865,118232,"스팸 햄캔(마일드 200g/EA)
※돼지고기(수입산 80%+국내산 20%) 96.27%",EA,10,2800,28000,2800,30800
2017,7,22,22-7월-17,14,2115393865,116709,"리코스 나쵸칩(454g/EA) 미국
※미국",EA,6,2900,17400,1740,19140
2017,7,22,22-7월-17,15,2115393865,501191,하이코리아 락스(2L EA),EA,12,933,11196,1120,12316
2017,7,24,24-7월-17,1,2115422242,100743,"코카콜라 콜라(캔_355ml 355g/EA) 한국 24EA/BOX
※국내산",BOX,1,15480,15480,1548,17028
2017,7,24,24-7월-17,2,2115422242,100744,"스프라이트 사이다(355ml 355g/EA) 한국 24EA/BOX
※국내산",BOX,1,13992,13992,1399,15391
2017,7,24,24-7월-17,3,2115393906,424783,염지닭안심(생활맥주용 1Kg/EA) 5EA/BOX,BOX,1,41400,41400,4140,45540
2017,7,24,24-7월-17,4,2115393906,424782,염지닭(생활맥주용 9호_9각 850g/EA) 10EA/BOX,BOX,2,54300,108600,10860,119460
2017,7,24,24-7월-17,5,2115393906,401354,"계란(특란_60g*30입 1.8Kg/PAC) 한국
※달걀(국내산)",PAC,2,9536,19072,0,19072
2017,7,24,24-7월-17,6,2115422242,232931,"반건오징어(생활맥주용 10미 1.3Kg/EA) 한국
※국내산",EA,3,29500,88500,0,88500
2017,7,24,24-7월-17,7,2115393906,169394,"샐러드믹스(생활맥주용 150g*5입 750g/BOX) 한국 1EA/BOX
※국내산",BOX,3,14400,43200,0,43200
2017,7,24,24-7월-17,8,2115422242,160016,오뚜기 케찹(스파우트팩 3.3Kg/EA),EA,2,3950,7900,790,8690
2017,7,24,24-7월-17,9,2115393906,111308,천일식품 새우볶음밥(300g/EA),EA,5,1630,8150,815,8965
2017,7,24,24-7월-17,10,2115422242,115722,"사세통상 버팔로윙(1Kg/EA) 태국
※닭고기(태국산)",EA,5,10500,52500,5250,57750
2017,7,24,24-7월-17,11,2115422242,116709,"리코스 나쵸칩(454g/EA) 미국
※미국",EA,12,2900,34800,3480,38280
2017,7,24,24-7월-17,12,2115422242,116981,"사세통상 버팔로윙스틱(1Kg/EA) 태국
※닭고기(태국산)",EA,5,9800,49000,4900,53900
2017,7,24,24-7월-17,13,2115393906,127454,파로 할라페뇨(슬라이스 3Kg/EA),EA,2,8500,17000,1700,18700
2017,7,24,24-7월-17,14,2115422242,134356,심플로트 냉동감자(메가크런치 2.04Kg/EA),EA,6,9960,59760,5976,65736
2017,7,24,24-7월-17,15,2115393906,135267,그라나파다노치즈(포션 200g/EA),EA,2,6600,13200,1320,14520
2017,7,24,24-7월-17,16,2115422242,138389,이츠웰 초고추장(NEW 1Kg/EA),EA,5,3000,15000,1500,16500
2017,7,24,24-7월-17,17,2115422242,140440,심플로트 냉동감자(크링클컷웨지 2.26Kg/EA),EA,6,6980,41880,4188,46068
2017,7,24,24-7월-17,18,2115422242,144398,심플로트 냉동감자(세이보리_스트레이트컷 2.26Kg/EA),EA,6,9380,56280,5628,61908
2017,7,24,24-7월-17,19,2115422242,145970,"치킨무(외식체인전용 5Kg/EA) 한국
※국내산",EA,2,5700,11400,0,11400
2017,7,24,24-7월-17,20,2115422242,146239,쉐프솔루션 김치볶음밥(300g/EA),EA,5,1400,7000,700,7700
2017,7,24,24-7월-17,21,2115422242,146391,쉐프솔루션 햄야채볶음밥(300g/EA),EA,5,1469,7345,735,8080
2017,7,24,24-7월-17,22,2115422242,146393,쉐프솔루션 해물볶음밥(300g/EA),EA,5,1459,7295,730,8025
2017,7,24,24-7월-17,23,2115422242,154639,오뚜기 마요네즈(골드 스파우트팩 3.2Kg/EA),EA,2,9800,19600,1960,21560
2017,7,25,25-7월-17,1,2115422227,424782,염지닭(생활맥주용 9호_9각 850g/EA) 10EA/BOX,BOX,1,54300,54300,5430,59730
2017,7,26,26-7월-17,1,2115422232,424782,염지닭(생활맥주용 9호_9각 850g/EA) 10EA/BOX,BOX,1,54300,54300,5430,59730
2017,7,26,26-7월-17,2,2115504442,116709,"리코스 나쵸칩(454g/EA) 미국
※미국",EA,6,2900,17400,1740,19140
2017,7,26,26-7월-17,3,2115422232,424783,염지닭안심(생활맥주용 1Kg/EA) 5EA/BOX,BOX,1,41400,41400,4140,45540
2017,7,27,27-7월-17,1,2115510486,201934,"소고기육포(생활맥주용 70g/EA) 호주
※호주산",EA,30,3970,119100,11910,131010
2017,7,27,27-7월-17,2,2115476475,169394,"샐러드믹스(생활맥주용 150g*5입 750g/BOX) 한국 1EA/BOX
※국내산",BOX,3,14400,43200,0,43200
2017,7,27,27-7월-17,3,2115510486,215140,양파드레싱(생활맥주용 2Kg/EA),EA,3,9000,27000,2700,29700
2017,7,28,28-7월-17,1,2115566088,163815,이츠웰 골뱅이캔(자연산 140g/EA),EA,24,2800,67200,6720,73920
2017,7,28,28-7월-17,2,2115566088,166412,"뫼루니식품 물결무늬파우더(데일리비어용 매운맛 5Kg/EA) 미국
※미국산",EA,2,13150,26300,2630,28930
2017,7,28,28-7월-17,3,2115566088,166413,뫼루니 양념치킨소스(데일리비어용 양념_뫼루니 2Kg/EA),EA,3,6900,20700,2070,22770
2017,7,28,28-7월-17,4,2115566088,206578,"길림양행 땅콩(껍질무_1/2태 1Kg/PAC)
※이력번호:10931-17-060142M",PAC,5,7000,35000,3500,38500
2017,7,28,28-7월-17,5,2115476476,424782,염지닭(생활맥주용 9호_9각 850g/EA) 10EA/BOX,BOX,1,54300,54300,5430,59730
2017,7,28,28-7월-17,6,2115476476,424783,염지닭안심(생활맥주용 1Kg/EA) 5EA/BOX,BOX,1,41400,41400,4140,45540
2017,7,28,28-7월-17,7,2115566232,115364,삼진 살사소스(2Kg/EA),EA,2,9000,18000,1800,19800
2017,7,28,28-7월-17,8,2115566088,140440,심플로트 냉동감자(크링클컷웨지 2.26Kg/EA),EA,6,6980,41880,4188,46068
2017,7,28,28-7월-17,9,2115566088,145970,"치킨무(외식체인전용 5Kg/EA) 한국
※국내산",EA,2,5700,11400,0,11400
2017,7,28,28-7월-17,10,2115566232,159365,유니푸드 양념소금(마파치킨용 3.5g*90입 315g/EA),EA,1,1000,1000,100,1100
2017,7,29,29-7월-17,1,2115573951,124531,맥앤치즈볼(생활맥주용 50G*4입 200g/EA),EA,12,3620,43440,4344,47784
2017,7,29,29-7월-17,2,2115573951,134356,심플로트 냉동감자(메가크런치 2.04Kg/EA),EA,6,9960,59760,5976,65736
2017,7,29,29-7월-17,3,2115503117,424783,염지닭안심(생활맥주용 1Kg/EA) 5EA/BOX,BOX,2,41400,82800,8280,91080
2017,7,29,29-7월-17,4,2115573951,144398,심플로트 냉동감자(세이보리_스트레이트컷 2.26Kg/EA),EA,6,9380,56280,5628,61908
2017,7,29,29-7월-17,5,2115503117,424782,염지닭(생활맥주용 9호_9각 850g/EA) 10EA/BOX,BOX,2,54300,108600,10860,119460
2017,7,29,29-7월-17,6,2115573951,140440,심플로트 냉동감자(크링클컷웨지 2.26Kg/EA),EA,3,6980,20940,2094,23034
2017,7,31,31-7월-17,1,2115616648,215140,양파드레싱(생활맥주용 2Kg/EA),EA,2,9000,18000,1800,19800
2017,7,31,31-7월-17,2,2115613790,401354,"계란(특란_60g*30입 1.8Kg/PAC) 한국
※달걀(국내산)",PAC,2,9536,19072,0,19072
2017,7,31,31-7월-17,3,2115604828,424782,염지닭(생활맥주용 9호_9각 850g/EA) 10EA/BOX,BOX,1,54300,54300,5430,59730
2017,7,31,31-7월-17,4,2115616648,171838,팔도 비빔면(130g/EA) 40EA/BOX,BOX,1,26800,26800,2680,29480
2017,7,31,31-7월-17,5,2115616648,100744,"스프라이트 사이다(355ml 355g/EA) 한국 24EA/BOX
※국내산",BOX,1,13992,13992,1399,15391
2017,7,31,31-7월-17,6,2115616648,116709,"리코스 나쵸칩(454g/EA) 미국
※미국",EA,12,2900,34800,3480,38280
2017,7,31,31-7월-17,7,2115616648,118232,"스팸 햄캔(마일드 200g/EA)
※돼지고기(수입산 80%+국내산 20%) 96.27%",EA,10,2800,28000,2800,30800
2017,7,31,31-7월-17,8,2115616648,100743,"코카콜라 콜라(캔_355ml 355g/EA) 한국 24EA/BOX
※국내산",BOX,1,15480,15480,1548,17028
2017,8,1,1-8월-17,1,2115604830,169394,"샐러드믹스(생활맥주용 150g*5입 750g/BOX) 한국 1EA/BOX
※국내산",BOX,3,14400,43200,0,43200
2017,8,1,1-8월-17,2,2115629094,146391,쉐프솔루션 햄야채볶음밥(300g/EA),EA,5,1469,7345,735,8080
2017,8,1,1-8월-17,3,2115629094,146239,쉐프솔루션 김치볶음밥(300g/EA),EA,5,1400,7000,700,7700
2017,8,1,1-8월-17,4,2115629094,144398,심플로트 냉동감자(세이보리_스트레이트컷 2.26Kg/EA),EA,3,9380,28140,2814,30954
2017,8,1,1-8월-17,5,2115629094,140440,심플로트 냉동감자(크링클컷웨지 2.26Kg/EA),EA,3,6980,20940,2094,23034
2017,8,1,1-8월-17,6,2115629094,134356,심플로트 냉동감자(메가크런치 2.04Kg/EA),EA,6,9960,59760,5976,65736
2017,8,1,1-8월-17,7,2115604830,424782,염지닭(생활맥주용 9호_9각 850g/EA) 10EA/BOX,BOX,1,54300,54300,5430,59730
2017,8,2,2-8월-17,1,2115659075,500556,일회용기세트(1호_70*30mm_100입 다용도 PAC),PAC,1,2169,2169,217,2386
2017,8,2,2-8월-17,2,2115659075,424783,염지닭안심(생활맥주용 1Kg/EA) 5EA/BOX,BOX,1,41400,41400,4140,45540
2017,8,2,2-8월-17,3,2115659075,424782,염지닭(생활맥주용 9호_9각 850g/EA) 10EA/BOX,BOX,1,54300,54300,5430,59730
2017,8,2,2-8월-17,4,2115660892,232931,"반건오징어(생활맥주용 10미 1.3Kg/EA) 한국
※국내산",EA,3,29500,88500,0,88500
2017,8,2,2-8월-17,5,2115660892,176689,"소시지(생활맥주용 천연돈장_70g*4입 280g/EA) 한국
※돼지고기(국내산)",EA,25,4370,109250,10925,120175
2017,8,2,2-8월-17,6,2115660892,163815,이츠웰 골뱅이캔(자연산 140g/EA),EA,24,2800,67200,6720,73920
2017,8,2,2-8월-17,7,2115659075,514663,지원 일회용기뚜껑(W-3_75mm_100입 EA),EA,1,1840,1840,184,2024
2017,8,3,3-8월-17,1,2115716342,111308,천일식품 새우볶음밥(300g/EA),EA,10,1630,16300,1630,17930
2017,8,3,3-8월-17,2,2115690525,115722,"사세통상 버팔로윙(1Kg/EA) 태국
※닭고기(태국산)",EA,5,10500,52500,5250,57750
2017,8,3,3-8월-17,3,2115690525,116981,"사세통상 버팔로윙스틱(1Kg/EA) 태국
※닭고기(태국산)",EA,5,9800,49000,4900,53900
2017,8,3,3-8월-17,4,2115689442,119863,삼조쎌텍 나쵸치즈소스(1Kg/EA),EA,3,8300,24900,2490,27390
2017,8,3,3-8월-17,5,2115690525,134356,심플로트 냉동감자(메가크런치 2.04Kg/EA),EA,3,9960,29880,2988,32868
2017,8,3,3-8월-17,6,2115690525,140440,심플로트 냉동감자(크링클컷웨지 2.26Kg/EA),EA,3,6980,20940,2094,23034
2017,8,3,3-8월-17,7,2115689442,424782,염지닭(생활맥주용 9호_9각 850g/EA) 10EA/BOX,BOX,1,54300,54300,5430,59730
2017,8,3,3-8월-17,8,2115690525,145970,"치킨무(외식체인전용 5Kg/EA) 한국
※국내산",EA,2,5700,11400,0,11400
2017,8,3,3-8월-17,9,2115690525,160016,오뚜기 케찹(스파우트팩 3.3Kg/EA),EA,4,3950,15800,1580,17380
2017,8,3,3-8월-17,10,2115690525,166413,뫼루니 양념치킨소스(데일리비어용 양념_뫼루니 2Kg/EA),EA,2,6900,13800,1380,15180
2017,8,3,3-8월-17,11,2115690525,201934,"소고기육포(생활맥주용 70g/EA) 호주
※호주산",EA,20,3970,79400,7940,87340
2017,8,3,3-8월-17,12,2115690525,215140,양파드레싱(생활맥주용 2Kg/EA),EA,3,9000,27000,2700,29700
2017,8,3,3-8월-17,13,2115690525,144398,심플로트 냉동감자(세이보리_스트레이트컷 2.26Kg/EA),EA,3,9380,28140,2814,30954
2017,8,4,4-8월-17,1,2115741222,115364,삼진 살사소스(2Kg/EA),EA,3,9000,27000,2700,29700
2017,8,4,4-8월-17,2,2115741255,116709,"리코스 나쵸칩(454g/EA) 미국
※미국",EA,12,2900,34800,3480,38280
2017,8,4,4-8월-17,3,2115716339,424782,염지닭(생활맥주용 9호_9각 850g/EA) 10EA/BOX,BOX,2,54300,108600,10860,119460
2017,8,4,4-8월-17,4,2115741222,242910,"웰넛 건포도(500g/EA) 미국
※미국산",EA,5,2300,11500,1150,12650
2017,8,4,4-8월-17,5,2115741255,206578,"길림양행 땅콩(껍질무_1/2태 1Kg/PAC)
※이력번호:10931-17-060142M",PAC,10,7000,70000,7000,77000
2017,8,4,4-8월-17,6,2115716367,146391,쉐프솔루션 햄야채볶음밥(300g/EA),EA,5,1469,7345,735,8080
2017,8,4,4-8월-17,7,2115716367,146239,쉐프솔루션 김치볶음밥(300g/EA),EA,5,1400,7000,700,7700
2017,8,4,4-8월-17,8,2115741255,138389,이츠웰 초고추장(NEW 1Kg/EA),EA,4,3000,12000,1200,13200
2017,8,4,4-8월-17,9,2115741222,127454,파로 할라페뇨(슬라이스 3Kg/EA),EA,4,8500,34000,3400,37400
2017,8,5,5-8월-17,1,2115741060,169394,"샐러드믹스(생활맥주용 150g*5입 750g/BOX) 한국 1EA/BOX
※국내산",BOX,3,14400,43200,0,43200
2017,8,5,5-8월-17,2,2115741060,424782,염지닭(생활맥주용 9호_9각 850g/EA) 10EA/BOX,BOX,2,54300,108600,10860,119460
2017,8,5,5-8월-17,3,2115741060,401354,"계란(특란_60g*30입 1.8Kg/PAC) 한국
※달걀(국내산)",PAC,2,9059,18118,0,18118
2017,8,7,7-8월-17,1,2115779118,118232,"스팸 햄캔(마일드 200g/EA)
※돼지고기(수입산 80%+국내산 20%) 96.27%",EA,10,2800,28000,2800,30800
2017,8,7,7-8월-17,2,2115779118,124531,맥앤치즈볼(생활맥주용 50G*4입 200g/EA),EA,12,3620,43440,4344,47784
2017,8,7,7-8월-17,3,2115779118,134356,심플로트 냉동감자(메가크런치 2.04Kg/EA),EA,6,9960,59760,5976,65736
2017,8,7,7-8월-17,4,2115779118,140440,심플로트 냉동감자(크링클컷웨지 2.26Kg/EA),EA,6,6980,41880,4188,46068
2017,8,7,7-8월-17,5,2115779118,100744,"스프라이트 사이다(355ml 355g/EA) 한국 24EA/BOX
※국내산",BOX,2,13992,27984,2798,30782
2017,8,7,7-8월-17,6,2115779118,100743,"코카콜라 콜라(캔_355ml 355g/EA) 한국 24EA/BOX
※국내산",BOX,1,15480,15480,1548,17028
2017,8,7,7-8월-17,7,2115779118,100353,"백설 바삭튀김가루(1Kg/EA) 미국
※미국산",EA,1,2500,2500,250,2750
2017,8,7,7-8월-17,8,2115779118,144398,심플로트 냉동감자(세이보리_스트레이트컷 2.26Kg/EA),EA,6,9380,56280,5628,61908
2017,8,7,7-8월-17,9,2115779118,232931,"반건오징어(생활맥주용 10미 1.3Kg/EA) 한국
※국내산",EA,3,29500,88500,0,88500
2017,8,7,7-8월-17,10,2115778890,424782,염지닭(생활맥주용 9호_9각 850g/EA) 10EA/BOX,BOX,1,54300,54300,5430,59730
2017,8,7,7-8월-17,11,2115778890,169394,"샐러드믹스(생활맥주용 150g*5입 750g/BOX) 한국 1EA/BOX
※국내산",BOX,2,14400,28800,0,28800
2017,8,7,7-8월-17,12,2115779118,166412,"뫼루니식품 물결무늬파우더(데일리비어용 매운맛 5Kg/EA) 미국
※미국산",EA,2,13150,26300,2630,28930
2017,8,7,7-8월-17,13,2115779118,145970,"치킨무(외식체인전용 5Kg/EA) 한국
※국내산",EA,3,5700,17100,0,17100
2017,8,8,8-8월-17,1,2115830580,112371,칵테일냅킨(생활맥주용 10000장입 BOX) 1EA/BOX,BOX,1,30000,30000,3000,33000
2017,8,8,8-8월-17,2,2115804061,163815,이츠웰 골뱅이캔(자연산 140g/EA),EA,10,2800,28000,2800,30800
2017,8,8,8-8월-17,3,2115779114,424782,염지닭(생활맥주용 9호_9각 850g/EA) 10EA/BOX,BOX,1,54300,54300,5430,59730
2017,8,9,9-8월-17,1,2115832478,116709,"리코스 나쵸칩(454g/EA) 미국
※미국",EA,10,2900,29000,2900,31900
2017,8,9,9-8월-17,2,2115779116,424782,염지닭(생활맥주용 9호_9각 850g/EA) 10EA/BOX,BOX,1,54300,54300,5430,59730
2017,8,9,9-8월-17,3,2115779116,501386,트레펑(1L 막힌하수구용 EA),EA,10,2215,22150,2215,24365
2017,8,10,10-8월-17,1,2115863197,146391,쉐프솔루션 햄야채볶음밥(300g/EA),EA,15,1469,22035,2204,24239
2017,8,10,10-8월-17,2,2115863197,166413,뫼루니 양념치킨소스(데일리비어용 양념_뫼루니 2Kg/EA),EA,2,6900,13800,1380,15180
2017,8,10,10-8월-17,3,2115863197,171838,팔도 비빔면(130g/EA) 40EA/BOX,BOX,1,26800,26800,2680,29480
2017,8,10,10-8월-17,4,2115863197,146239,쉐프솔루션 김치볶음밥(300g/EA),EA,15,1400,21000,2100,23100
2017,8,10,10-8월-17,5,2115863601,424782,염지닭(생활맥주용 9호_9각 850g/EA) 10EA/BOX,BOX,1,54300,54300,5430,59730
2017,8,10,10-8월-17,6,2115863197,176689,"소시지(생활맥주용 천연돈장_70g*4입 280g/EA) 한국
※돼지고기(국내산)",EA,20,4370,87400,8740,96140
2017,8,10,10-8월-17,7,2115863601,215139,케이준드레싱(생활맥주용 2Kg/EA),EA,1,9050,9050,905,9955
2017,8,10,10-8월-17,8,2115863197,215140,양파드레싱(생활맥주용 2Kg/EA),EA,1,9000,9000,900,9900
2017,8,10,10-8월-17,9,2115863197,140440,심플로트 냉동감자(크링클컷웨지 2.26Kg/EA),EA,5,6980,34900,3490,38390
2017,8,11,11-8월-17,1,2115893557,140440,심플로트 냉동감자(크링클컷웨지 2.26Kg/EA),EA,5,6980,34900,3490,38390
2017,8,11,11-8월-17,2,2115893557,118232,"스팸 햄캔(마일드 200g/EA)
※돼지고기(수입산 80%+국내산 20%) 96.27%",EA,10,2800,28000,2800,30800
2017,8,11,11-8월-17,3,2115893557,116709,"리코스 나쵸칩(454g/EA) 미국
※미국",EA,10,2900,29000,2900,31900
2017,8,11,11-8월-17,4,2115893557,145970,"치킨무(외식체인전용 5Kg/EA) 한국
※국내산",EA,3,5700,17100,0,17100
2017,8,11,11-8월-17,5,2115892987,424783,염지닭안심(생활맥주용 1Kg/EA) 5EA/BOX,BOX,1,41400,41400,4140,45540
2017,8,11,11-8월-17,6,2115892987,424782,염지닭(생활맥주용 9호_9각 850g/EA) 10EA/BOX,BOX,1,54300,54300,5430,59730
2017,8,11,11-8월-17,7,2115892987,401354,"계란(특란_60g*30입 1.8Kg/PAC) 한국
※달걀(국내산)",PAC,2,9059,18118,0,18118
2017,8,11,11-8월-17,8,2115893557,176689,"소시지(생활맥주용 천연돈장_70g*4입 280g/EA) 한국
※돼지고기(국내산)",EA,10,4370,43700,4370,48070
2017,8,11,11-8월-17,9,2115893557,163815,이츠웰 골뱅이캔(자연산 140g/EA),EA,20,2800,56000,5600,61600
2017,8,12,12-8월-17,1,2115893000,169394,"샐러드믹스(생활맥주용 150g*5입 750g/BOX) 한국 1EA/BOX
※국내산",BOX,1,14400,14400,0,14400
2017,8,12,12-8월-17,2,2115893000,424782,염지닭(생활맥주용 9호_9각 850g/EA) 10EA/BOX,BOX,2,54300,108600,10860,119460
2017,8,14,14-8월-17,1,2115962006,215140,양파드레싱(생활맥주용 2Kg/EA),EA,3,9000,27000,2700,29700
2017,8,14,14-8월-17,2,2115962006,166413,뫼루니 양념치킨소스(데일리비어용 양념_뫼루니 2Kg/EA),EA,3,6900,20700,2070,22770
2017,8,14,14-8월-17,3,2115962006,144398,심플로트 냉동감자(세이보리_스트레이트컷 2.26Kg/EA),EA,2,9380,18760,1876,20636
2017,8,14,14-8월-17,4,2115962006,134356,심플로트 냉동감자(메가크런치 2.04Kg/EA),EA,4,9960,39840,3984,43824
2017,8,14,14-8월-17,5,2115973346,105409,아담스 파마산치즈파우더(1Kg/EA),EA,1,11000,11000,1100,12100
2017,8,14,14-8월-17,6,2115962006,232931,"반건오징어(생활맥주용 10미 1.3Kg/EA) 한국
※국내산",EA,5,29500,147500,0,147500
2017,8,15,15-8월-17,1,2115985689,140440,심플로트 냉동감자(크링클컷웨지 2.26Kg/EA),EA,5,6980,34900,3490,38390
2017,8,15,15-8월-17,2,2115984204,135267,그라나파다노치즈(포션 200g/EA),EA,1,6600,6600,660,7260
2017,8,15,15-8월-17,3,2115985689,124531,맥앤치즈볼(생활맥주용 50G*4입 200g/EA),EA,10,3620,36200,3620,39820
2017,8,15,15-8월-17,4,2115985689,118232,"스팸 햄캔(마일드 200g/EA)
※돼지고기(수입산 80%+국내산 20%) 96.27%",EA,20,2800,56000,5600,61600
2017,8,15,15-8월-17,5,2115985689,116981,"사세통상 버팔로윙스틱(1Kg/EA) 태국
※닭고기(태국산)",EA,4,9800,39200,3920,43120
2017,8,15,15-8월-17,6,2115985689,144398,심플로트 냉동감자(세이보리_스트레이트컷 2.26Kg/EA),EA,5,9380,46900,4690,51590
2017,8,15,15-8월-17,7,2115984204,424783,염지닭안심(생활맥주용 1Kg/EA) 5EA/BOX,BOX,1,41400,41400,4140,45540
2017,8,15,15-8월-17,8,2115984204,424782,염지닭(생활맥주용 9호_9각 850g/EA) 10EA/BOX,BOX,1,54300,54300,5430,59730
2017,8,15,15-8월-17,9,2115984204,169394,"샐러드믹스(생활맥주용 150g*5입 750g/BOX) 한국 1EA/BOX
※국내산",BOX,2,14400,28800,0,28800
2017,8,15,15-8월-17,10,2116010958,166412,"뫼루니식품 물결무늬파우더(데일리비어용 매운맛 5Kg/EA) 미국
※미국산",EA,3,13150,39450,3945,43395
2017,8,15,15-8월-17,11,2115985689,146393,쉐프솔루션 해물볶음밥(300g/EA),EA,10,1459,14590,1459,16049
2017,8,15,15-8월-17,12,2115985689,146239,쉐프솔루션 김치볶음밥(300g/EA),EA,10,1400,14000,1400,15400
2017,8,15,15-8월-17,13,2115985689,145970,"치킨무(외식체인전용 5Kg/EA) 한국
※국내산",EA,2,5700,11400,0,11400
2017,8,16,16-8월-17,1,2116012639,100743,"코카콜라 콜라(캔_355ml 355g/EA) 한국 24EA/BOX
※국내산",BOX,1,15480,15480,1548,17028
2017,8,16,16-8월-17,2,2116012639,100744,"스프라이트 사이다(355ml 355g/EA) 한국 24EA/BOX
※국내산",BOX,1,13992,13992,1399,15391
2017,8,16,16-8월-17,3,2116012640,424782,염지닭(생활맥주용 9호_9각 850g/EA) 10EA/BOX,BOX,2,54300,108600,10860,119460
2017,8,16,16-8월-17,4,2116012639,215140,양파드레싱(생활맥주용 2Kg/EA),EA,1,9000,9000,900,9900
2017,8,16,16-8월-17,5,2116012640,215139,케이준드레싱(생활맥주용 2Kg/EA),EA,2,9050,18100,1810,19910
2017,8,16,16-8월-17,6,2116012639,176689,"소시지(생활맥주용 천연돈장_70g*4입 280g/EA) 한국
※돼지고기(국내산)",EA,4,4370,17480,1748,19228
2017,8,16,16-8월-17,7,2116012640,169394,"샐러드믹스(생활맥주용 150g*5입 750g/BOX) 한국 1EA/BOX
※국내산",BOX,1,14400,14400,0,14400
2017,8,16,16-8월-17,8,2116012639,166413,뫼루니 양념치킨소스(데일리비어용 양념_뫼루니 2Kg/EA),EA,1,6900,6900,690,7590
2017,8,16,16-8월-17,9,2116012639,163815,이츠웰 골뱅이캔(자연산 140g/EA),EA,22,2800,61600,6160,67760
2017,8,16,16-8월-17,10,2116012639,116709,"리코스 나쵸칩(454g/EA) 미국
※미국",EA,6,2900,17400,1740,19140
2017,8,16,16-8월-17,11,2116012639,116981,"사세통상 버팔로윙스틱(1Kg/EA) 태국
※닭고기(태국산)",EA,3,9800,29400,2940,32340
2017,8,16,16-8월-17,12,2116012640,119863,삼조쎌텍 나쵸치즈소스(1Kg/EA),EA,2,8300,16600,1660,18260
2017,8,16,16-8월-17,13,2116012640,127454,파로 할라페뇨(슬라이스 3Kg/EA),EA,2,8500,17000,1700,18700
2017,8,16,16-8월-17,14,2116012639,134356,심플로트 냉동감자(메가크런치 2.04Kg/EA),EA,5,9960,49800,4980,54780
2017,8,16,16-8월-17,15,2116012639,154639,오뚜기 마요네즈(골드 스파우트팩 3.2Kg/EA),EA,2,9800,19600,1960,21560
2017,8,16,16-8월-17,16,2116012639,160016,오뚜기 케찹(스파우트팩 3.3Kg/EA),EA,3,3950,11850,1185,13035
2017,8,17,17-8월-17,1,2116029116,119863,삼조쎌텍 나쵸치즈소스(1Kg/EA),EA,1,8300,8300,830,9130
2017,8,17,17-8월-17,2,2116029074,140440,심플로트 냉동감자(크링클컷웨지 2.26Kg/EA),EA,2,6980,13960,1396,15356
2017,8,17,17-8월-17,3,2116029074,176689,"소시지(생활맥주용 천연돈장_70g*4입 280g/EA) 한국
※돼지고기(국내산)",EA,2,4370,8740,874,9614
2017,8,17,17-8월-17,4,2116029074,201934,"소고기육포(생활맥주용 70g/EA) 호주
※호주산",EA,15,3970,59550,5955,65505
2017,8,17,17-8월-17,5,2116029074,215140,양파드레싱(생활맥주용 2Kg/EA),EA,1,9000,9000,900,9900
2017,8,17,17-8월-17,6,2116029116,424783,염지닭안심(생활맥주용 1Kg/EA) 5EA/BOX,BOX,1,41400,41400,4140,45540
2017,8,18,18-8월-17,1,2116062157,169394,"샐러드믹스(생활맥주용 150g*5입 750g/BOX) 한국 1EA/BOX
※국내산",BOX,1,14400,14400,0,14400
2017,8,18,18-8월-17,2,2116062157,526116,유산지(생활맥주용 1000개 EA),EA,1,30000,30000,3000,33000
2017,8,19,19-8월-17,1,2116100877,124531,맥앤치즈볼(생활맥주용 50G*4입 200g/EA),EA,10,3620,36200,3620,39820
2017,8,19,19-8월-17,2,2116088735,127454,파로 할라페뇨(슬라이스 3Kg/EA),EA,2,8500,17000,1700,18700
2017,8,19,19-8월-17,3,2116100877,134356,심플로트 냉동감자(메가크런치 2.04Kg/EA),EA,5,9960,49800,4980,54780
2017,8,19,19-8월-17,4,2116100877,140440,심플로트 냉동감자(크링클컷웨지 2.26Kg/EA),EA,5,6980,34900,3490,38390
2017,8,19,19-8월-17,5,2116100877,145970,"치킨무(외식체인전용 5Kg/EA) 한국
※국내산",EA,3,5700,17100,0,17100
2017,8,19,19-8월-17,6,2116100877,163815,이츠웰 골뱅이캔(자연산 140g/EA),EA,14,2800,39200,3920,43120
2017,8,19,19-8월-17,7,2116100877,166413,뫼루니 양념치킨소스(데일리비어용 양념_뫼루니 2Kg/EA),EA,1,6900,6900,690,7590
2017,8,19,19-8월-17,8,2116088735,169394,"샐러드믹스(생활맥주용 150g*5입 750g/BOX) 한국 1EA/BOX
※국내산",BOX,1,14400,14400,0,14400
2017,8,19,19-8월-17,9,2116100877,171838,팔도 비빔면(130g/EA) 40EA/BOX,BOX,1,26800,26800,2680,29480
2017,8,19,19-8월-17,10,2116100877,176689,"소시지(생활맥주용 천연돈장_70g*4입 280g/EA) 한국
※돼지고기(국내산)",EA,6,4370,26220,2622,28842
2017,8,19,19-8월-17,11,2116100877,206578,"길림양행 땅콩(껍질무_1/2태 1Kg/PAC)
※이력번호:10931-17-060142M",PAC,2,7000,14000,1400,15400
2017,8,19,19-8월-17,12,2116100877,232931,"반건오징어(생활맥주용 10미 1.3Kg/EA) 한국
※국내산",EA,1,29500,29500,0,29500
2017,8,19,19-8월-17,13,2116088735,242910,"웰넛 건포도(500g/EA) 미국
※미국산",EA,1,2300,2300,230,2530
2017,8,19,19-8월-17,14,2116088735,401354,"계란(특란_60g*30입 1.8Kg/PAC) 한국
※달걀(국내산)",PAC,3,9059,27177,0,27177
2017,8,19,19-8월-17,15,2116088735,424782,염지닭(생활맥주용 9호_9각 850g/EA) 10EA/BOX,BOX,2,54300,108600,10860,119460
2017,8,19,19-8월-17,16,2116088735,424783,염지닭안심(생활맥주용 1Kg/EA) 5EA/BOX,BOX,2,41400,82800,8280,91080
2017,8,19,19-8월-17,17,2116100877,116709,"리코스 나쵸칩(454g/EA) 미국
※미국",EA,6,2900,17400,1740,19140
2017,8,21,21-8월-17,1,2116135141,140440,심플로트 냉동감자(크링클컷웨지 2.26Kg/EA),EA,3,6980,20940,2094,23034
2017,8,21,21-8월-17,2,2116135141,144398,심플로트 냉동감자(세이보리_스트레이트컷 2.26Kg/EA),EA,3,9380,28140,2814,30954
2017,8,21,21-8월-17,3,2116135141,176689,"소시지(생활맥주용 천연돈장_70g*4입 280g/EA) 한국
※돼지고기(국내산)",EA,10,4370,43700,4370,48070
2017,8,21,21-8월-17,4,2116135141,177058,미니고무장갑(생활맥주용 10입 EA),EA,2,7500,15000,1500,16500
2017,8,21,21-8월-17,5,2116135141,215140,양파드레싱(생활맥주용 2Kg/EA),EA,1,9000,9000,900,9900
2017,8,21,21-8월-17,6,2116135141,232931,"반건오징어(생활맥주용 10미 1.3Kg/EA) 한국
※국내산",EA,3,29500,88500,0,88500
2017,8,21,21-8월-17,7,2116135175,424782,염지닭(생활맥주용 9호_9각 850g/EA) 10EA/BOX,BOX,1,54300,54300,5430,59730
2017,8,21,21-8월-17,8,2116135175,424783,염지닭안심(생활맥주용 1Kg/EA) 5EA/BOX,BOX,1,41400,41400,4140,45540
2017,8,21,21-8월-17,9,2116135175,501386,트레펑(1L 막힌하수구용 EA),EA,10,2215,22150,2215,24365
2017,8,21,21-8월-17,10,2116135141,115722,"사세통상 버팔로윙(1Kg/EA) 태국
※닭고기(태국산)",EA,3,10500,31500,3150,34650
2017,8,21,21-8월-17,11,2116135141,116709,"리코스 나쵸칩(454g/EA) 미국
※미국",EA,5,2900,14500,1450,15950
2017,8,21,21-8월-17,12,2116135141,134356,심플로트 냉동감자(메가크런치 2.04Kg/EA),EA,3,9960,29880,2988,32868
2017,8,21,21-8월-17,13,2116135141,138389,이츠웰 초고추장(NEW 1Kg/EA),EA,3,3000,9000,900,9900
2017,8,22,22-8월-17,1,2116159351,100743,"코카콜라 콜라(캔_355ml 355g/EA) 한국 24EA/BOX
※국내산",BOX,1,15480,15480,1548,17028
2017,8,22,22-8월-17,2,2116159351,100744,"스프라이트 사이다(355ml 355g/EA) 한국 24EA/BOX
※국내산",BOX,1,13992,13992,1399,15391
2017,8,22,22-8월-17,3,2116159351,146391,쉐프솔루션 햄야채볶음밥(300g/EA),EA,5,1469,7345,735,8080
2017,8,22,22-8월-17,4,2116159351,146393,쉐프솔루션 해물볶음밥(300g/EA),EA,5,1459,7295,730,8025
2017,8,22,22-8월-17,5,2116159351,166413,뫼루니 양념치킨소스(데일리비어용 양념_뫼루니 2Kg/EA),EA,1,6900,6900,690,7590
2017,8,22,22-8월-17,6,2116159354,501326,스파크 세탁세제(5kg EA),EA,1,11470,11470,1147,12617
2017,8,23,23-8월-17,1,2116188317,424782,염지닭(생활맥주용 9호_9각 850g/EA) 10EA/BOX,BOX,2,54300,108600,10860,119460
2017,8,23,23-8월-17,2,2116188757,512186,이츠웰 롤백(소_25*35cm_500입 EA),EA,3,2450,7350,735,8085
2017,8,24,24-8월-17,1,2116221613,134356,심플로트 냉동감자(메가크런치 2.04Kg/EA),EA,4,9960,39840,3984,43824
2017,8,24,24-8월-17,2,2116221613,133941,유동 골뱅이캔(자연산 140g/EA),EA,10,2800,28000,2800,30800
2017,8,24,24-8월-17,3,2116221613,118232,"스팸 햄캔(마일드 200g/EA)
※돼지고기(수입산 80%+국내산 20%) 96.27%",EA,10,2800,28000,2800,30800
2017,8,24,24-8월-17,4,2116221613,140440,심플로트 냉동감자(크링클컷웨지 2.26Kg/EA),EA,4,6980,27920,2792,30712
2017,8,24,24-8월-17,5,2116221156,401354,"계란(특란_60g*30입 1.8Kg/PAC) 한국
※달걀(국내산)",PAC,3,9059,27177,0,27177
2017,8,24,24-8월-17,6,2116221613,215140,양파드레싱(생활맥주용 2Kg/EA),EA,2,9000,18000,1800,19800
2017,8,24,24-8월-17,7,2116221613,201934,"소고기육포(생활맥주용 70g/EA) 호주
※호주산",EA,10,3970,39700,3970,43670
2017,8,24,24-8월-17,8,2116221613,145970,"치킨무(외식체인전용 5Kg/EA) 한국
※국내산",EA,2,5700,11400,0,11400
2017,8,24,24-8월-17,9,2116221613,144398,심플로트 냉동감자(세이보리_스트레이트컷 2.26Kg/EA),EA,3,9380,28140,2814,30954
2017,8,25,25-8월-17,1,2116251883,119863,삼조쎌텍 나쵸치즈소스(1Kg/EA),EA,3,8300,24900,2490,27390
2017,8,25,25-8월-17,2,2116251177,160016,오뚜기 케찹(스파우트팩 3.3Kg/EA),EA,2,3950,7900,790,8690
2017,8,25,25-8월-17,3,2116251177,146239,쉐프솔루션 김치볶음밥(300g/EA),EA,10,1400,14000,1400,15400
2017,8,25,25-8월-17,4,2116251177,144398,심플로트 냉동감자(세이보리_스트레이트컷 2.26Kg/EA),EA,2,9380,18760,1876,20636
2017,8,25,25-8월-17,5,2116251177,140440,심플로트 냉동감자(크링클컷웨지 2.26Kg/EA),EA,2,6980,13960,1396,15356
2017,8,25,25-8월-17,6,2116251177,134356,심플로트 냉동감자(메가크런치 2.04Kg/EA),EA,4,9960,39840,3984,43824
2017,8,25,25-8월-17,7,2116251883,169394,"샐러드믹스(생활맥주용 150g*5입 750g/BOX) 한국 1EA/BOX
※국내산",BOX,1,14400,14400,0,14400
2017,8,26,26-8월-17,1,2116285042,134356,심플로트 냉동감자(메가크런치 2.04Kg/EA),EA,2,9960,19920,1992,21912
2017,8,26,26-8월-17,2,2116285042,116709,"리코스 나쵸칩(454g/EA) 미국
※미국",EA,12,2900,34800,3480,38280
2017,8,26,26-8월-17,3,2116285042,100744,"스프라이트 사이다(355ml 355g/EA) 한국 24EA/BOX
※국내산",BOX,1,13992,13992,1399,15391
2017,8,26,26-8월-17,4,2116285042,140440,심플로트 냉동감자(크링클컷웨지 2.26Kg/EA),EA,2,6980,13960,1396,15356
2017,8,26,26-8월-17,5,2116251885,424782,염지닭(생활맥주용 9호_9각 850g/EA) 10EA/BOX,BOX,2,54300,108600,10860,119460
2017,8,26,26-8월-17,6,2116251885,169394,"샐러드믹스(생활맥주용 150g*5입 750g/BOX) 한국 1EA/BOX
※국내산",BOX,2,14400,28800,0,28800
2017,8,26,26-8월-17,7,2116285042,166413,뫼루니 양념치킨소스(데일리비어용 양념_뫼루니 2Kg/EA),EA,2,6900,13800,1380,15180
2017,8,26,26-8월-17,8,2116285042,144398,심플로트 냉동감자(세이보리_스트레이트컷 2.26Kg/EA),EA,2,9380,18760,1876,20636
2017,8,28,28-8월-17,1,2116321910,215140,양파드레싱(생활맥주용 2Kg/EA),EA,1,9000,9000,900,9900
2017,8,28,28-8월-17,2,2116321910,176689,"소시지(생활맥주용 천연돈장_70g*4입 280g/EA) 한국
※돼지고기(국내산)",EA,15,4370,65550,6555,72105
2017,8,28,28-8월-17,3,2116321910,145970,"치킨무(외식체인전용 5Kg/EA) 한국
※국내산",EA,1,5700,5700,0,5700
2017,8,28,28-8월-17,4,2116321912,127454,파로 할라페뇨(슬라이스 3Kg/EA),EA,2,8500,17000,1700,18700
2017,8,28,28-8월-17,5,2116321910,116981,"사세통상 버팔로윙스틱(1Kg/EA) 태국
※닭고기(태국산)",EA,1,9800,9800,980,10780
2017,8,28,28-8월-17,6,2116321912,115364,삼진 살사소스(2Kg/EA),EA,1,9000,9000,900,9900
2017,8,28,28-8월-17,7,2116345094,424783,"염지닭안심(생활맥주용 1Kg/EA) 5EA/BOX
※ma협력사협의건",BOX,0,41400,0,0,0
2017,8,28,28-8월-17,8,2116345093,424782,"염지닭(생활맥주용 9호_9각 850g/EA) 10EA/BOX
※ma협력사협의건",BOX,0,54300,0,0,0
2017,8,29,29-8월-17,1,2116333491,169394,"샐러드믹스(생활맥주용 150g*5입 750g/BOX) 한국 1EA/BOX
※국내산",BOX,2,14400,28800,0,28800
2017,8,29,29-8월-17,2,2116321911,176689,"소시지(생활맥주용 천연돈장_70g*4입 280g/EA) 한국
※돼지고기(국내산)",EA,10,4370,43700,4370,48070
2017,8,29,29-8월-17,3,2116333491,424782,염지닭(생활맥주용 9호_9각 850g/EA) 10EA/BOX,BOX,2,54300,108600,10860,119460
2017,8,29,29-8월-17,4,2116333491,242910,"웰넛 건포도(500g/EA) 미국
※미국산",EA,4,2300,9200,920,10120
2017,8,29,29-8월-17,5,2116321911,215140,양파드레싱(생활맥주용 2Kg/EA),EA,1,9000,9000,900,9900
2017,8,29,29-8월-17,6,2116321911,206578,"길림양행 땅콩(껍질무_1/2태 1Kg/PAC)
※이력번호:13361-17-300713M",PAC,3,7000,21000,2100,23100
2017,8,29,29-8월-17,7,2116321911,166413,뫼루니 양념치킨소스(데일리비어용 양념_뫼루니 2Kg/EA),EA,2,6900,13800,1380,15180
2017,8,29,29-8월-17,8,2116321911,166412,"뫼루니식품 물결무늬파우더(데일리비어용 매운맛 5Kg/EA) 미국
※미국산",EA,2,13150,26300,2630,28930
2017,8,29,29-8월-17,9,2116321911,145970,"치킨무(외식체인전용 5Kg/EA) 한국
※국내산",EA,2,5700,11400,0,11400
2017,8,29,29-8월-17,10,2116321911,144398,심플로트 냉동감자(세이보리_스트레이트컷 2.26Kg/EA),EA,4,9380,37520,3752,41272
2017,8,29,29-8월-17,11,2116333491,424783,염지닭안심(생활맥주용 1Kg/EA) 5EA/BOX,BOX,1,41400,41400,4140,45540
2017,8,29,29-8월-17,12,2116321911,116981,"사세통상 버팔로윙스틱(1Kg/EA) 태국
※닭고기(태국산)",EA,3,9800,29400,2940,32340
2017,8,29,29-8월-17,13,2116321911,115722,"사세통상 버팔로윙(1Kg/EA) 태국
※닭고기(태국산)",EA,3,10500,31500,3150,34650
2017,8,29,29-8월-17,14,2116321911,100743,"코카콜라 콜라(캔_355ml 355g/EA) 한국 24EA/BOX
※국내산",BOX,1,15480,15480,1548,17028
2017,8,29,29-8월-17,15,2116321911,140440,심플로트 냉동감자(크링클컷웨지 2.26Kg/EA),EA,5,6980,34900,3490,38390
2017,8,30,30-8월-17,1,2116342872,135267,그라나파다노치즈(포션 200g/EA),EA,2,6600,13200,1320,14520
2017,8,30,30-8월-17,2,2116342876,160016,오뚜기 케찹(스파우트팩 3.3Kg/EA),EA,1,3950,3950,395,4345
2017,8,30,30-8월-17,3,2116342876,163815,이츠웰 골뱅이캔(자연산 140g/EA),EA,15,2800,42000,4200,46200
2017,8,30,30-8월-17,4,2116342876,201934,"소고기육포(생활맥주용 70g/EA) 호주
※호주산",EA,10,3970,39700,3970,43670
2017,8,30,30-8월-17,5,2116342872,215139,케이준드레싱(생활맥주용 2Kg/EA),EA,1,9050,9050,905,9955
2017,8,30,30-8월-17,6,2116342876,215140,양파드레싱(생활맥주용 2Kg/EA),EA,2,9000,18000,1800,19800
2017,8,30,30-8월-17,7,2116342876,134356,심플로트 냉동감자(메가크런치 2.04Kg/EA),EA,3,9960,29880,2988,32868
2017,8,30,30-8월-17,8,2116342876,232931,"반건오징어(생활맥주용 10미 1.3Kg/EA) 한국
※국내산",EA,5,29500,147500,0,147500
2017,8,30,30-8월-17,9,2116342876,124531,맥앤치즈볼(생활맥주용 50G*4입 200g/EA),EA,10,3620,36200,3620,39820
2017,8,30,30-8월-17,10,2116342876,118232,"스팸 햄캔(마일드 200g/EA)
※돼지고기(수입산 80%+국내산 20%) 96.27%",EA,10,2800,28000,2800,30800
2017,8,30,30-8월-17,11,2116342872,115364,삼진 살사소스(2Kg/EA),EA,2,9000,18000,1800,19800
2017,8,31,31-8월-17,1,2116408627,247491,뫼루니식품 레드소스(데일리비어용 양념치킨용 2Kg/EA),EA,2,6900,13800,1380,15180
2017,8,31,31-8월-17,2,2116408625,169394,"샐러드믹스(생활맥주용 150g*5입 750g/BOX) 한국 1EA/BOX
※국내산",BOX,1,14400,14400,0,14400
2017,8,31,31-8월-17,3,2116408627,116709,"리코스 나쵸칩(454g/EA) 미국
※미국",EA,5,2900,14500,1450,15950
2017,9,1,1-9월-17,1,2116440702,171838,팔도 비빔면(130g/EA) 40EA/BOX,BOX,1,26800,26800,2680,29480
2017,9,1,1-9월-17,2,2116440702,134356,심플로트 냉동감자(메가크런치 2.04Kg/EA),EA,2,9960,19920,1992,21912
2017,9,1,1-9월-17,3,2116440702,138389,이츠웰 초고추장(NEW 1Kg/EA),EA,3,3000,9000,900,9900
2017,9,1,1-9월-17,4,2116440702,140440,심플로트 냉동감자(크링클컷웨지 2.26Kg/EA),EA,4,6980,27920,2792,30712
2017,9,1,1-9월-17,5,2116440702,144398,심플로트 냉동감자(세이보리_스트레이트컷 2.26Kg/EA),EA,5,9380,46900,4690,51590
2017,9,1,1-9월-17,6,2116440702,145970,"치킨무(외식체인전용 5Kg/EA) 한국
※국내산",EA,1,5700,5700,0,5700
2017,9,2,2-9월-17,1,2116478027,424783,염지닭안심(생활맥주용 1Kg/EA) 5EA/BOX,BOX,1,41400,41400,4140,45540
2017,9,2,2-9월-17,2,2116481658,100744,"스프라이트 사이다(355ml 355g/EA) 한국 24EA/BOX
※국내산",BOX,1,13992,13992,1399,15391
2017,9,2,2-9월-17,3,2116481658,116709,"리코스 나쵸칩(454g/EA) 미국
※미국",EA,5,2900,14500,1450,15950
2017,9,2,2-9월-17,4,2116478027,169394,"샐러드믹스(생활맥주용 150g*5입 750g/BOX) 한국 1EA/BOX
※국내산",BOX,1,14400,14400,0,14400
2017,9,2,2-9월-17,5,2116481658,247491,뫼루니식품 레드소스(데일리비어용 양념치킨용 2Kg/EA),EA,2,6900,13800,1380,15180
2017,9,2,2-9월-17,6,2116478027,424782,염지닭(생활맥주용 9호_9각 850g/EA) 10EA/BOX,BOX,3,54300,162900,16290,179190
2017,9,4,4-9월-17,1,2116520248,146393,쉐프솔루션 해물볶음밥(300g/EA),EA,5,1459,7295,730,8025
2017,9,4,4-9월-17,2,2116520248,146391,쉐프솔루션 햄야채볶음밥(300g/EA),EA,5,1469,7345,735,8080
2017,9,4,4-9월-17,3,2116520248,146239,쉐프솔루션 김치볶음밥(300g/EA),EA,20,1400,28000,2800,30800
2017,9,4,4-9월-17,4,2116520248,145970,"치킨무(외식체인전용 5Kg/EA) 한국
※국내산",EA,2,5700,11400,0,11400
2017,9,4,4-9월-17,5,2116520248,144398,심플로트 냉동감자(세이보리_스트레이트컷 2.26Kg/EA),EA,5,9380,46900,4690,51590
2017,9,4,4-9월-17,6,2116520248,140440,심플로트 냉동감자(크링클컷웨지 2.26Kg/EA),EA,10,6980,69800,6980,76780
2017,9,4,4-9월-17,7,2116520248,134356,심플로트 냉동감자(메가크런치 2.04Kg/EA),EA,5,9960,49800,4980,54780
2017,9,4,4-9월-17,8,2116511241,127454,파로 할라페뇨(슬라이스 3Kg/EA),EA,1,8500,8500,850,9350
2017,9,4,4-9월-17,9,2116520248,124531,맥앤치즈볼(생활맥주용 50G*4입 200g/EA),EA,10,3620,36200,3620,39820
2017,9,4,4-9월-17,10,2116520248,116981,"사세통상 버팔로윙스틱(1Kg/EA) 태국
※닭고기(태국산)",EA,2,9800,19600,1960,21560
2017,9,4,4-9월-17,11,2116520248,116709,"리코스 나쵸칩(454g/EA) 미국
※미국",EA,10,2900,29000,2900,31900
2017,9,4,4-9월-17,12,2116520248,160016,오뚜기 케찹(스파우트팩 3.3Kg/EA),EA,2,3950,7900,790,8690
2017,9,4,4-9월-17,13,2116535906,514158,이츠웰 주방세제(그린알로_3kg EA),EA,1,2833,2833,283,3116
2017,9,4,4-9월-17,14,2116511241,500556,일회용기세트(1호_70*30mm_100입 다용도 PAC),PAC,1,2169,2169,217,2386
2017,9,4,4-9월-17,15,2116511241,401354,"계란(특란_60g*30입 1.8Kg/PAC) 한국
※달걀(국내산)",PAC,3,7203,21609,0,21609
2017,9,4,4-9월-17,16,2116520248,247491,뫼루니식품 레드소스(데일리비어용 양념치킨용 2Kg/EA),EA,2,6900,13800,1380,15180
2017,9,4,4-9월-17,17,2116520248,215140,양파드레싱(생활맥주용 2Kg/EA),EA,2,9000,18000,1800,19800
2017,9,4,4-9월-17,18,2116511241,215139,케이준드레싱(생활맥주용 2Kg/EA),EA,1,9050,9050,905,9955
2017,9,4,4-9월-17,19,2116520248,206578,"길림양행 땅콩(껍질무_1/2태 1Kg/PAC)
※이력번호:13361-17-300713M",PAC,3,7000,21000,2100,23100
2017,9,4,4-9월-17,20,2116520248,201934,"소고기육포(생활맥주용 70g/EA) 호주
※호주산",EA,10,3970,39700,3970,43670
2017,9,4,4-9월-17,21,2116520248,177058,미니고무장갑(생활맥주용 10입 EA),EA,1,7500,7500,750,8250
2017,9,4,4-9월-17,22,2116520248,176689,"소시지(생활맥주용 천연돈장_70g*4입 280g/EA) 한국
※돼지고기(국내산)",EA,25,4370,109250,10925,120175
2017,9,4,4-9월-17,23,2116511241,169394,"샐러드믹스(생활맥주용 150g*5입 750g/BOX) 한국 1EA/BOX
※국내산",BOX,1,14400,14400,0,14400
2017,9,4,4-9월-17,24,2116520248,163815,이츠웰 골뱅이캔(자연산 140g/EA),EA,10,2800,28000,2800,30800
2017,9,5,5-9월-17,1,2116527625,424783,염지닭안심(생활맥주용 1Kg/EA) 5EA/BOX,BOX,2,41400,82800,8280,91080
2017,9,5,5-9월-17,2,2116570349,116981,"사세통상 버팔로윙스틱(1Kg/EA) 태국
※닭고기(태국산)",EA,1,9800,9800,980,10780
2017,9,5,5-9월-17,3,2116527625,424782,염지닭(생활맥주용 9호_9각 850g/EA) 10EA/BOX,BOX,2,54300,108600,10860,119460
2017,9,5,5-9월-17,4,2116570349,115722,"사세통상 버팔로윙(1Kg/EA) 태국
※닭고기(태국산)",EA,2,10500,21000,2100,23100
2017,9,6,6-9월-17,1,2116572654,169394,"샐러드믹스(생활맥주용 150g*5입 750g/BOX) 한국 1EA/BOX
※국내산",BOX,2,14400,28800,0,28800
2017,9,6,6-9월-17,2,2116572654,501386,트레펑(1L 막힌하수구용 EA),EA,10,2215,22150,2215,24365
2017,9,6,6-9월-17,3,2116600551,166412,"뫼루니식품 물결무늬파우더(데일리비어용 매운맛 5Kg/EA) 미국
※미국산",EA,3,13150,39450,3945,43395
2017,9,7,7-9월-17,1,2116602764,119863,삼조쎌텍 나쵸치즈소스(1Kg/EA),EA,2,8300,16600,1660,18260
2017,9,7,7-9월-17,2,2116602785,145970,"치킨무(외식체인전용 5Kg/EA) 한국
※국내산",EA,2,5700,11400,0,11400
2017,9,7,7-9월-17,3,2116602785,163815,이츠웰 골뱅이캔(자연산 140g/EA),EA,5,2800,14000,1400,15400
2017,9,7,7-9월-17,4,2116602764,169394,"샐러드믹스(생활맥주용 150g*5입 750g/BOX) 한국 1EA/BOX
※국내산",BOX,1,14400,14400,0,14400
2017,9,7,7-9월-17,5,2116602764,501386,트레펑(1L 막힌하수구용 EA),EA,10,2215,22150,2215,24365
2017,9,8,8-9월-17,1,2116633542,215140,양파드레싱(생활맥주용 2Kg/EA),EA,3,9000,27000,2700,29700
2017,9,8,8-9월-17,2,2116632521,242910,"웰넛 건포도(500g/EA) 미국
※미국산",EA,5,2300,11500,1150,12650
2017,9,8,8-9월-17,3,2116632521,424782,염지닭(생활맥주용 9호_9각 850g/EA) 10EA/BOX,BOX,1,54300,54300,5430,59730
2017,9,8,8-9월-17,4,2116633542,116709,"리코스 나쵸칩(454g/EA) 미국
※미국",EA,10,2900,29000,2900,31900
2017,9,8,8-9월-17,5,2116633542,118232,"스팸 햄캔(마일드 200g/EA)
※돼지고기(수입산 80%+국내산 20%) 96.27%",EA,20,2800,56000,5600,61600
2017,9,8,8-9월-17,6,2116632521,119863,삼조쎌텍 나쵸치즈소스(1Kg/EA),EA,1,8300,8300,830,9130
2017,9,8,8-9월-17,7,2116669728,127454,파로 할라페뇨(슬라이스 3Kg/EA),EA,1,8500,8500,850,9350
2017,9,8,8-9월-17,8,2116633542,134356,심플로트 냉동감자(메가크런치 2.04Kg/EA),EA,8,9960,79680,7968,87648
2017,9,8,8-9월-17,9,2116633542,140440,심플로트 냉동감자(크링클컷웨지 2.26Kg/EA),EA,5,6980,34900,3490,38390
2017,9,8,8-9월-17,10,2116633542,144398,심플로트 냉동감자(세이보리_스트레이트컷 2.26Kg/EA),EA,8,9380,75040,7504,82544
2017,9,8,8-9월-17,11,2116633542,163815,이츠웰 골뱅이캔(자연산 140g/EA),EA,15,2800,42000,4200,46200
2017,9,8,8-9월-17,12,2116633542,206578,"길림양행 땅콩(껍질무_1/2태 1Kg/PAC)
※이력번호:10931-17-080068M",PAC,3,7000,21000,2100,23100
2017,9,9,9-9월-17,1,2116705394,100353,"백설 바삭튀김가루(1Kg/EA) 미국
※미국산",EA,5,2500,12500,1250,13750
2017,9,9,9-9월-17,2,2116705394,176689,"소시지(생활맥주용 천연돈장_70g*4입 280g/EA) 한국
※돼지고기(국내산)",EA,20,4370,87400,8740,96140
2017,9,9,9-9월-17,3,2116700479,526116,유산지(생활맥주용 1000개 EA),EA,0,30000,0,0,0
2017,9,9,9-9월-17,4,2116705394,247491,뫼루니식품 레드소스(데일리비어용 양념치킨용 2Kg/EA),EA,2,6900,13800,1380,15180
2017,9,9,9-9월-17,5,2116700175,424782,"염지닭(생활맥주용 9호_9각 850g/EA) 10EA/BOX
※★ma김경묵님 요청건",BOX,0,54300,0,0,0
2017,9,9,9-9월-17,6,2116705394,201934,"소고기육포(생활맥주용 70g/EA) 호주
※호주산",EA,10,3970,39700,3970,43670
2017,9,11,11-9월-17,1,2116718355,526116,유산지(생활맥주용 1000개 EA),EA,2,30000,60000,6000,66000
2017,9,11,11-9월-17,2,2116698825,424782,염지닭(생활맥주용 9호_9각 850g/EA) 10EA/BOX,BOX,3,54300,162900,16290,179190
2017,9,11,11-9월-17,3,2116698825,424783,염지닭안심(생활맥주용 1Kg/EA) 5EA/BOX,BOX,1,41400,41400,4140,45540
2017,9,12,12-9월-17,1,2116752038,116981,"사세통상 버팔로윙스틱(1Kg/EA) 태국
※닭고기(태국산)",EA,3,9800,29400,2940,32340
2017,9,12,12-9월-17,2,2116752038,124531,맥앤치즈볼(생활맥주용 50G*4입 200g/EA),EA,10,3620,36200,3620,39820
2017,9,12,12-9월-17,3,2116752038,140440,심플로트 냉동감자(크링클컷웨지 2.26Kg/EA),EA,8,6980,55840,5584,61424
2017,9,12,12-9월-17,4,2116752038,145970,"치킨무(외식체인전용 5Kg/EA) 한국
※국내산",EA,2,5700,11400,0,11400
2017,9,12,12-9월-17,5,2116752038,232931,"반건오징어(생활맥주용 10미 1.3Kg/EA) 한국
※국내산",EA,3,29500,88500,0,88500
2017,9,12,12-9월-17,6,2116752038,100744,"스프라이트 사이다(355ml 355g/EA) 한국 24EA/BOX
※국내산",BOX,1,13992,13992,1399,15391
2017,9,12,12-9월-17,7,2116752038,100743,"코카콜라 콜라(캔_355ml 355g/EA) 한국 24EA/BOX
※국내산",BOX,1,15480,15480,1548,17028
2017,9,12,12-9월-17,8,2116752038,115722,"사세통상 버팔로윙(1Kg/EA) 태국
※닭고기(태국산)",EA,4,10500,42000,4200,46200
2017,9,13,13-9월-17,1,2116752140,143790,"이츠웰 참기름(NEW_캔_1L 916g/EA) 수입산
※참깨(베트남산,미얀마산)",EA,1,10600,10600,1060,11660
2017,9,13,13-9월-17,2,2116780868,138389,이츠웰 초고추장(NEW 1Kg/EA),EA,3,3000,9000,900,9900
2017,9,13,13-9월-17,3,2116752140,116709,"리코스 나쵸칩(454g/EA) 미국
※미국",EA,5,2900,14500,1450,15950
2017,9,13,13-9월-17,4,2116752140,146239,쉐프솔루션 김치볶음밥(300g/EA),EA,10,1400,14000,1400,15400
2017,9,13,13-9월-17,5,2116752477,169394,"샐러드믹스(생활맥주용 150g*5입 750g/BOX) 한국 1EA/BOX
※국내산",BOX,2,14400,28800,0,28800
2017,9,13,13-9월-17,6,2116752140,163815,이츠웰 골뱅이캔(자연산 140g/EA),EA,10,2800,28000,2800,30800
2017,9,13,13-9월-17,7,2116752140,146393,쉐프솔루션 해물볶음밥(300g/EA),EA,10,1459,14590,1459,16049
2017,9,13,13-9월-17,8,2116752140,146391,쉐프솔루션 햄야채볶음밥(300g/EA),EA,10,1469,14690,1469,16159
2017,9,14,14-9월-17,1,2116757504,116709,"리코스 나쵸칩(454g/EA) 미국
※미국",EA,5,2900,14500,1450,15950
2017,9,14,14-9월-17,2,2116757504,134356,심플로트 냉동감자(메가크런치 2.04Kg/EA),EA,10,9960,99600,9960,109560
2017,9,14,14-9월-17,3,2116757504,140440,심플로트 냉동감자(크링클컷웨지 2.26Kg/EA),EA,3,6980,20940,2094,23034
2017,9,14,14-9월-17,4,2116757504,144398,심플로트 냉동감자(세이보리_스트레이트컷 2.26Kg/EA),EA,5,9380,46900,4690,51590
2017,9,14,14-9월-17,5,2116757504,160016,오뚜기 케찹(스파우트팩 3.3Kg/EA),EA,2,3950,7900,790,8690
2017,9,14,14-9월-17,6,2116781432,424783,염지닭안심(생활맥주용 1Kg/EA) 5EA/BOX,BOX,1,41400,41400,4140,45540
2017,9,14,14-9월-17,7,2116781432,424782,염지닭(생활맥주용 9호_9각 850g/EA) 10EA/BOX,BOX,1,54300,54300,5430,59730
2017,9,14,14-9월-17,8,2116757504,215140,양파드레싱(생활맥주용 2Kg/EA),EA,1,9000,9000,900,9900
2017,9,14,14-9월-17,9,2116757504,201934,"소고기육포(생활맥주용 70g/EA) 호주
※호주산",EA,15,3970,59550,5955,65505
2017,9,14,14-9월-17,10,2116757504,178733,물티슈(생활맥주용 500입 BOX) 1EA/BOX,BOX,1,11000,11000,1100,12100
2017,9,14,14-9월-17,11,2116757504,171838,팔도 비빔면(130g/EA) 40EA/BOX,BOX,1,26800,26800,2680,29480
2017,9,15,15-9월-17,1,2116822728,115364,삼진 살사소스(2Kg/EA),EA,2,9000,18000,1800,19800
2017,9,15,15-9월-17,2,2116822699,115722,"사세통상 버팔로윙(1Kg/EA) 태국
※닭고기(태국산)",EA,1,10500,10500,1050,11550
2017,9,15,15-9월-17,3,2116822699,116981,"사세통상 버팔로윙스틱(1Kg/EA) 태국
※닭고기(태국산)",EA,2,9800,19600,1960,21560
2017,9,15,15-9월-17,4,2116822699,118232,"스팸 햄캔(마일드 200g/EA)
※돼지고기(수입산 80%+국내산 20%) 96.27%",EA,10,2800,28000,2800,30800
2017,9,15,15-9월-17,5,2116822699,134356,심플로트 냉동감자(메가크런치 2.04Kg/EA),EA,5,9960,49800,4980,54780
2017,9,15,15-9월-17,6,2116822699,140440,심플로트 냉동감자(크링클컷웨지 2.26Kg/EA),EA,5,6980,34900,3490,38390
2017,9,15,15-9월-17,7,2116822699,144398,심플로트 냉동감자(세이보리_스트레이트컷 2.26Kg/EA),EA,5,9380,46900,4690,51590
2017,9,15,15-9월-17,8,2116822699,145970,"치킨무(외식체인전용 5Kg/EA) 한국
※국내산",EA,2,5700,11400,0,11400
2017,9,15,15-9월-17,9,2116822699,163815,이츠웰 골뱅이캔(자연산 140g/EA),EA,5,2800,14000,1400,15400
2017,9,15,15-9월-17,10,2116822699,215140,양파드레싱(생활맥주용 2Kg/EA),EA,2,9000,18000,1800,19800
2017,9,15,15-9월-17,11,2116822699,232931,"반건오징어(생활맥주용 10미 1.3Kg/EA) 한국
※국내산",EA,5,29500,147500,0,147500
2017,9,15,15-9월-17,12,2116822699,247491,뫼루니식품 레드소스(데일리비어용 양념치킨용 2Kg/EA),EA,2,6900,13800,1380,15180
2017,9,16,16-9월-17,1,2116858938,178883,코스터(생활맥주용 600매 EA),EA,1,57000,57000,5700,62700
2017,9,16,16-9월-17,2,2116858938,215140,양파드레싱(생활맥주용 2Kg/EA),EA,2,9000,18000,1800,19800
2017,9,16,16-9월-17,3,2116851805,242910,"웰넛 건포도(500g/EA) 미국
※미국산",EA,3,2300,6900,690,7590
2017,9,16,16-9월-17,4,2116858938,247491,뫼루니식품 레드소스(데일리비어용 양념치킨용 2Kg/EA),EA,3,6900,20700,2070,22770
2017,9,16,16-9월-17,5,2116851805,424782,염지닭(생활맥주용 9호_9각 850g/EA) 10EA/BOX,BOX,1,54300,54300,5430,59730
2017,9,16,16-9월-17,6,2116851805,424783,염지닭안심(생활맥주용 1Kg/EA) 5EA/BOX,BOX,1,41400,41400,4140,45540
2017,9,18,18-9월-17,1,2116859024,116709,"리코스 나쵸칩(454g/EA) 미국
※미국",EA,10,2900,29000,2900,31900
2017,9,18,18-9월-17,2,2116851813,424782,염지닭(생활맥주용 9호_9각 850g/EA) 10EA/BOX,BOX,1,54300,54300,5430,59730
2017,9,18,18-9월-17,3,2116851813,127454,파로 할라페뇨(슬라이스 3Kg/EA),EA,2,8500,17000,1700,18700
2017,9,18,18-9월-17,4,2116859024,146239,쉐프솔루션 김치볶음밥(300g/EA),EA,5,1400,7000,700,7700
2017,9,18,18-9월-17,5,2116859024,176689,"소시지(생활맥주용 천연돈장_70g*4입 280g/EA) 한국
※돼지고기(국내산)",EA,12,4370,52440,5244,57684
2017,9,18,18-9월-17,6,2116851813,401354,"계란(특란_60g*30입 1.8Kg/PAC) 한국
※달걀(국내산)",PAC,3,7203,21609,0,21609
2017,9,19,19-9월-17,1,2116905503,169394,"샐러드믹스(생활맥주용 150g*5입 750g/BOX) 한국 1EA/BOX
※국내산",BOX,1,14400,14400,0,14400
2017,9,19,19-9월-17,2,2116905503,424782,염지닭(생활맥주용 9호_9각 850g/EA) 10EA/BOX,BOX,1,54300,54300,5430,59730
2017,9,20,20-9월-17,1,2116949674,144398,심플로트 냉동감자(세이보리_스트레이트컷 2.26Kg/EA),EA,2,9380,18760,1876,20636
2017,9,20,20-9월-17,2,2116949674,206578,"길림양행 땅콩(껍질무_1/2태 1Kg/PAC)
※이력번호:10931-17-080068M",PAC,4,7000,28000,2800,30800
2017,9,20,20-9월-17,3,2116949676,159365,유니푸드 양념소금(마파치킨용 3.5g*90입 315g/EA),EA,1,1000,1000,100,1100
2017,9,20,20-9월-17,4,2116949674,146393,쉐프솔루션 해물볶음밥(300g/EA),EA,5,1459,7295,730,8025
2017,9,20,20-9월-17,5,2116949674,146391,쉐프솔루션 햄야채볶음밥(300g/EA),EA,5,1469,7345,735,8080
2017,9,20,20-9월-17,6,2116949674,115722,"사세통상 버팔로윙(1Kg/EA) 태국
※닭고기(태국산)",EA,2,10500,21000,2100,23100
2017,9,20,20-9월-17,7,2116949674,140440,심플로트 냉동감자(크링클컷웨지 2.26Kg/EA),EA,3,6980,20940,2094,23034
2017,9,20,20-9월-17,8,2116949674,133941,유동 골뱅이캔(자연산 140g/EA),EA,5,2800,14000,1400,15400
2017,9,20,20-9월-17,9,2116949674,124531,맥앤치즈볼(생활맥주용 50G*4입 200g/EA),EA,10,3620,36200,3620,39820
2017,9,20,20-9월-17,10,2116949676,119863,삼조쎌텍 나쵸치즈소스(1Kg/EA),EA,2,8300,16600,1660,18260
2017,9,20,20-9월-17,11,2116949674,116981,"사세통상 버팔로윙스틱(1Kg/EA) 태국
※닭고기(태국산)",EA,2,9800,19600,1960,21560
2017,9,21,21-9월-17,1,2116986070,146239,쉐프솔루션 김치볶음밥(300g/EA),EA,5,1400,7000,700,7700
2017,9,22,22-9월-17,1,2117009720,424782,염지닭(생활맥주용 9호_9각 850g/EA) 10EA/BOX,BOX,3,54300,162900,16290,179190
2017,9,22,22-9월-17,2,2117018525,247491,뫼루니식품 레드소스(데일리비어용 양념치킨용 2Kg/EA),EA,2,6900,13800,1380,15180
2017,9,22,22-9월-17,3,2117018525,215140,양파드레싱(생활맥주용 2Kg/EA),EA,1,9000,9000,900,9900
2017,9,22,22-9월-17,4,2117018525,176689,"소시지(생활맥주용 천연돈장_70g*4입 280g/EA) 한국
※돼지고기(국내산)",EA,10,4370,43700,4370,48070
2017,9,22,22-9월-17,5,2117009720,169394,"샐러드믹스(생활맥주용 150g*5입 750g/BOX) 한국 1EA/BOX
※국내산",BOX,1,14400,14400,0,14400
2017,9,22,22-9월-17,6,2117018525,160016,오뚜기 케찹(스파우트팩 3.3Kg/EA),EA,2,3950,7900,790,8690
2017,9,22,22-9월-17,7,2117018525,146393,쉐프솔루션 해물볶음밥(300g/EA),EA,5,1459,7295,730,8025
2017,9,22,22-9월-17,8,2117018525,146391,쉐프솔루션 햄야채볶음밥(300g/EA),EA,5,1469,7345,735,8080
2017,9,22,22-9월-17,9,2117018525,145970,"치킨무(외식체인전용 5Kg/EA) 한국
※국내산",EA,2,5700,11400,0,11400
2017,9,22,22-9월-17,10,2117047329,140440,심플로트 냉동감자(크링클컷웨지 2.26Kg/EA),EA,3,6980,20940,2094,23034
2017,9,22,22-9월-17,11,2117018525,100744,"스프라이트 사이다(355ml 355g/EA) 한국 24EA/BOX
※국내산",BOX,1,13992,13992,1399,15391
2017,9,22,22-9월-17,12,2117009720,424783,염지닭안심(생활맥주용 1Kg/EA) 5EA/BOX,BOX,1,41400,41400,4140,45540
2017,9,22,22-9월-17,13,2117018525,100743,"코카콜라 콜라(캔_355ml 355g/EA) 한국 24EA/BOX
※국내산",BOX,1,15480,15480,1548,17028
2017,9,23,23-9월-17,1,2117018526,424783,염지닭안심(생활맥주용 1Kg/EA) 5EA/BOX,BOX,1,41400,41400,4140,45540
2017,9,23,23-9월-17,2,2117018526,500556,일회용기세트(1호_70*30mm_100입 다용도 PAC),PAC,2,2169,4338,434,4772
2017,9,23,23-9월-17,3,2117044952,512237,이츠웰 페이퍼타올(핸드타올_4500매 BOX) 1EA/BOX,BOX,1,19500,19500,1950,21450
2017,9,23,23-9월-17,4,2117018526,514663,지원 일회용기뚜껑(W-3_75mm_100입 EA),EA,2,1840,3680,368,4048
2017,9,23,23-9월-17,5,2117018526,514664,지원 일회용기(W-3_75*65mm_100입 EA),EA,2,6239,12478,1248,13726
2017,9,23,23-9월-17,6,2117044952,166412,"뫼루니식품 물결무늬파우더(데일리비어용 매운맛 5Kg/EA) 미국
※미국산",EA,3,13150,39450,3945,43395
2017,9,25,25-9월-17,1,2117097704,116709,"리코스 나쵸칩(454g/EA) 미국
※미국",EA,5,2900,14500,1450,15950
2017,9,25,25-9월-17,2,2117097704,118232,"스팸 햄캔(마일드 200g/EA)
※돼지고기(수입산 80%+국내산 20%) 96.27%",EA,10,2800,28000,2800,30800
2017,9,25,25-9월-17,3,2117097704,134356,심플로트 냉동감자(메가크런치 2.04Kg/EA),EA,5,9960,49800,4980,54780
2017,9,25,25-9월-17,4,2117097704,138389,이츠웰 초고추장(NEW 1Kg/EA),EA,3,3000,9000,900,9900
2017,9,25,25-9월-17,5,2117097704,140440,심플로트 냉동감자(크링클컷웨지 2.26Kg/EA),EA,8,6980,55840,5584,61424
2017,9,25,25-9월-17,6,2117097704,144398,심플로트 냉동감자(세이보리_스트레이트컷 2.26Kg/EA),EA,8,9380,75040,7504,82544
2017,9,25,25-9월-17,7,2117097704,145970,"치킨무(외식체인전용 5Kg/EA) 한국
※국내산",EA,2,5700,11400,0,11400
2017,9,25,25-9월-17,8,2117097704,146239,쉐프솔루션 김치볶음밥(300g/EA),EA,5,1400,7000,700,7700
2017,9,25,25-9월-17,9,2117097704,163815,이츠웰 골뱅이캔(자연산 140g/EA),EA,10,2800,28000,2800,30800
2017,9,25,25-9월-17,10,2117045345,169394,"샐러드믹스(생활맥주용 150g*5입 750g/BOX) 한국 1EA/BOX
※국내산",BOX,2,14400,28800,0,28800
2017,9,25,25-9월-17,11,2117097704,176689,"소시지(생활맥주용 천연돈장_70g*4입 280g/EA) 한국
※돼지고기(국내산)",EA,5,4370,21850,2185,24035
2017,9,25,25-9월-17,12,2117097704,215140,양파드레싱(생활맥주용 2Kg/EA),EA,1,9000,9000,900,9900
2017,9,25,25-9월-17,13,2117097754,401354,"계란(특란_60g*30입 1.8Kg/PAC) 한국
※달걀(국내산)",PAC,2,7203,14406,0,14406
2017,9,25,25-9월-17,14,2117045345,424782,염지닭(생활맥주용 9호_9각 850g/EA) 10EA/BOX,BOX,1,54300,54300,5430,59730
2017,9,25,25-9월-17,15,2117045345,424783,염지닭안심(생활맥주용 1Kg/EA) 5EA/BOX,BOX,1,41400,41400,4140,45540
2017,9,26,26-9월-17,1,2117097762,424782,염지닭(생활맥주용 9호_9각 850g/EA) 10EA/BOX,BOX,1,54300,54300,5430,59730
2017,9,27,27-9월-17,1,2117146825,115722,"사세통상 버팔로윙(1Kg/EA) 태국
※닭고기(태국산)",EA,2,10500,21000,2100,23100
2017,9,27,27-9월-17,2,2117146825,206578,"길림양행 땅콩(껍질무_1/2태 1Kg/PAC)
※이력번호:10931-17080202M",PAC,3,7000,21000,2100,23100
2017,9,27,27-9월-17,3,2117146825,514158,이츠웰 주방세제(그린알로_3kg EA),EA,1,2833,2833,283,3116
2017,9,27,27-9월-17,4,2117146865,501326,스파크 세탁세제(5kg EA),EA,1,11470,11470,1147,12617
2017,9,27,27-9월-17,5,2117179481,242910,"웰넛 건포도(500g/EA) 미국
※미국산",EA,4,2300,9200,920,10120
2017,9,28,28-9월-17,1,2117181479,100744,"스프라이트 사이다(355ml 355g/EA) 한국 24EA/BOX
※국내산",BOX,1,13992,13992,1399,15391
2017,9,28,28-9월-17,2,2117181479,116981,"사세통상 버팔로윙스틱(1Kg/EA) 태국
※닭고기(태국산)",EA,2,9800,19600,1960,21560
2017,9,28,28-9월-17,3,2117181479,247491,뫼루니식품 레드소스(데일리비어용 양념치킨용 2Kg/EA),EA,3,6900,20700,2070,22770
2017,9,28,28-9월-17,4,2117181479,215140,양파드레싱(생활맥주용 2Kg/EA),EA,2,9000,18000,1800,19800
2017,9,28,28-9월-17,5,2117210657,176689,"소시지(생활맥주용 천연돈장_70g*4입 280g/EA) 한국
※돼지고기(국내산)",EA,10,4370,43700,4370,48070
2017,9,28,28-9월-17,6,2117181479,134356,심플로트 냉동감자(메가크런치 2.04Kg/EA),EA,5,9960,49800,4980,54780
2017,9,28,28-9월-17,7,2117210657,144398,심플로트 냉동감자(세이보리_스트레이트컷 2.26Kg/EA),EA,5,9380,46900,4690,51590
2017,9,28,28-9월-17,8,2117181479,146239,쉐프솔루션 김치볶음밥(300g/EA),EA,5,1400,7000,700,7700
2017,9,28,28-9월-17,9,2117181479,146393,쉐프솔루션 해물볶음밥(300g/EA),EA,3,1459,4377,438,4815
2017,9,28,28-9월-17,10,2117181479,163815,이츠웰 골뱅이캔(자연산 140g/EA),EA,10,2800,28000,2800,30800
2017,9,28,28-9월-17,11,2117181504,169394,"샐러드믹스(생활맥주용 150g*5입 750g/BOX) 한국 1EA/BOX
※국내산",BOX,1,14400,14400,0,14400
2017,9,29,29-9월-17,1,2117214750,119863,삼조쎌텍 나쵸치즈소스(1Kg/EA),EA,2,8300,16600,1660,18260
2017,9,29,29-9월-17,2,2117214750,127454,파로 할라페뇨(슬라이스 3Kg/EA),EA,1,8500,8500,850,9350
2017,9,29,29-9월-17,3,2117214676,146239,쉐프솔루션 김치볶음밥(300g/EA),EA,5,1400,7000,700,7700
2017,9,29,29-9월-17,4,2117214676,160016,오뚜기 케찹(스파우트팩 3.3Kg/EA),EA,2,3950,7900,790,8690
2017,9,30,30-9월-17,1,2117254287,115722,"사세통상 버팔로윙(1Kg/EA) 태국
※닭고기(태국산)",EA,4,10500,42000,4200,46200
2017,9,30,30-9월-17,2,2117254287,116709,"리코스 나쵸칩(454g/EA) 미국
※미국",EA,10,2900,29000,2900,31900
2017,9,30,30-9월-17,3,2117254287,116981,"사세통상 버팔로윙스틱(1Kg/EA) 태국
※닭고기(태국산)",EA,3,9800,29400,2940,32340
2017,9,30,30-9월-17,4,2117254287,118232,"스팸 햄캔(마일드 200g/EA)
※돼지고기(수입산 80%+국내산 20%) 96.27%",EA,15,2800,42000,4200,46200
2017,9,30,30-9월-17,5,2117254287,140440,심플로트 냉동감자(크링클컷웨지 2.26Kg/EA),EA,3,6980,20940,2094,23034
2017,9,30,30-9월-17,6,2117254287,146239,쉐프솔루션 김치볶음밥(300g/EA),EA,10,1400,14000,1400,15400
2017,9,30,30-9월-17,7,2117214853,424783,염지닭안심(생활맥주용 1Kg/EA) 5EA/BOX,BOX,1,41400,41400,4140,45540
2017,9,30,30-9월-17,8,2117254287,163815,이츠웰 골뱅이캔(자연산 140g/EA),EA,10,2800,28000,2800,30800
2017,9,30,30-9월-17,9,2117214853,169394,"샐러드믹스(생활맥주용 150g*5입 750g/BOX) 한국 1EA/BOX
※국내산",BOX,1,14400,14400,0,14400
2017,9,30,30-9월-17,10,2117254287,171838,팔도 비빔면(130g/EA) 40EA/BOX,BOX,1,26800,26800,2680,29480
2017,9,30,30-9월-17,11,2117254287,232931,"반건오징어(생활맥주용 10미 1.3Kg/EA) 한국
※국내산",EA,5,29500,147500,0,147500
2017,9,30,30-9월-17,12,2117214853,401354,"계란(특란_60g*30입 1.8Kg/PAC) 한국
※달걀(국내산)",PAC,2,7203,14406,0,14406
2017,9,30,30-9월-17,13,2117214853,424782,염지닭(생활맥주용 9호_9각 850g/EA) 10EA/BOX,BOX,3,54300,162900,16290,179190
2017,9,30,30-9월-17,14,2117254287,146391,쉐프솔루션 햄야채볶음밥(300g/EA),EA,10,1469,14690,1469,16159